cpid,verification_state,verification_reason,canonical_area,canonical_project,canonical_building,canonical_unit,developer,property_numbers,permit_numbers,plot_numbers,land_numbers,municipality_numbers,dewa_numbers,listing_ids,listing_urls,broker_references,owner_contact_available,record_count,source_count,source_files,source_groups,highest_authority_rank,highest_authority_label,oldest_seen_date,latest_seen_date,last_asking_price,listing_url_count,listing_id_count,broker_reference_count,quarantine_flags
CPID-UNIT-ce81900ebedf4853,LIKELY,same unit/building observed across multiple records,,,1 301 3 2 bed adjacent,301,,,,,,,,,,,YES,295,5,"Reportage_Inventory__REPORTAGE RESIDENCES (Lahore, Pakistan)__14752b3dd3.xlsx | Reportage_Inventory__REPORTAGE RESIDENCES (Lahore, Pakistan)__253edbf7f5.xlsx | Reportage_Inventory__REPORTAGE RESIDENCES (Lahore, Pakistan)__42b186a499.xlsx | Reportage_Inventory__REPORTAGE RESIDENCES (Lahore, Pakistan)__cad2d349e7.xlsx | Reportage_Inventory__REPORTAGE RESIDENCES Lahore Pakistan__0b8e327b3f.xlsx",,2,owner_or_restricted_inventory,,,,0,0,0,
CPID-UNIT-063782a99bccb29e,LIKELY,same unit/building observed across multiple records,,horizon tower,2511 horizon,2304,,,,,,,,,,,YES,21,1,9304ba5c-2c1e-4676-be97-203428460013.xlsx,Data Uae Pak Last,2,owner_or_restricted_inventory,,,,0,0,0,
CPID-UNIT-cdb0134984698a6d,LIKELY,same unit/building observed across multiple records,,,5 vn03 05 3b,01,,,,,,,,,,,YES,13470,9,Reportage_Inventory__0771e967-82c4-4910-bb30-d0f17d5a7ecc__d773272a73.xlsx | Reportage_Inventory__Verdana 1 Residence PROJECT__0eb45bb535.xlsx | Reportage_Inventory__Verdana 1 Residence PROJECT__17b2459ef2.xlsx | Reportage_Inventory__Verdana 1 Residence PROJECT__428f07ab6a.xlsx | Reportage_Inventory__Verdana 1 Residence PROJECT__8fe5287c9a.xlsx | Reportage_Inventory__Verdana 1 Residence PROJECT__91d41643da.xlsx | Reportage_Inventory__Verdana 1 Residence PROJECT__b1536af67d.xlsx | Reportage_Inventory__Verdana 1 Residence PROJECT__b508ce282b.xlsx | Reportage_Inventory__Verdana 1 Residence PROJECT__e3d53f8a25.xlsx,,2,owner_or_restricted_inventory,,,,0,0,0,no_resolver_signal
CPID-UNIT-388adfd4cb118f83,LIKELY,same unit/building observed across multiple records,,,a1,A101,,,,,,,,,,,YES,679,3,Reportage_Inventory__ARABIAN RANCHES SEA BREEZE PROJECT__97471e39a0.xlsx | Reportage_Inventory__ARABIAN RANCHES SEA BREEZE PROJECT__a8a313dc3d.xlsx | Reportage_Inventory__ARABIAN RANCHES SEA BREEZE PROJECT__fa7b25efa0.xlsx,,2,owner_or_restricted_inventory,,,,0,0,0,
CPID-UNIT-bff7006f1724dadc,LIKELY,same unit/building observed across multiple records,,Amaya tower,amaya tower 10554,3061,,,,,,,,,,,YES,88,1,75a52a23-8124-4803-98b0-737542f15e62.xlsx,Data Uae Pak Last,2,owner_or_restricted_inventory,,,,0,0,0,
CPID-UNIT-d1ab7f0bdc1968ec,LIKELY,same unit/building observed across multiple records,,The Gate Tower 1,gate,27,Aldar,,,,,,,,,,YES,211,1,0c50f97c-2290-4281-8175-f138dbed5d41.xlsx,Data Uae Pak Last,2,owner_or_restricted_inventory,,,,0,0,0,
CPID-UNIT-8d434cb87c21ab73,LIKELY,same unit/building observed across multiple records,,Orchid A,ghaf,603,,,,,,,,,,,YES,315,4,TIGER_-_HOME_SWEET_HOME_REAL_ESTATE__Unit Number__00f31cc579.xlsx | TIGER_-_HOME_SWEET_HOME_REAL_ESTATE__Unit Number__14b554a9a5.xlsx | TIGER_-_HOME_SWEET_HOME_REAL_ESTATE__Unit Number__6d3d8840a8.xlsx | TIGER_-_HOME_SWEET_HOME_REAL_ESTATE__Unit Number__ad5778ac3c.xlsx,,2,owner_or_restricted_inventory,,,,0,0,0,
CPID-UNIT-8f614d94fb859400,LIKELY,same unit/building observed across multiple records,,,ivy at park five,103,,,,,,,,,,,YES,91,2,2DON_MOHAMED_REDHA_-DEYAAR_DEVELOPMENT__TOWER__873166b457.xlsx | 868892b6-2faf-465d-a5a2-7329420ef097.xlsx,2DON MOHAMED REDHA -DEYAAR DEVELOPMENT,2,owner_or_restricted_inventory,,,1739128,0,0,0,
CPID-UNIT-30319d897f266668,LIKELY,same unit/building observed across multiple records,,,jannat,109,Deyaar,,,,,,,,,,YES,22,2,2DON_MOHAMED_REDHA_-DEYAAR_DEVELOPMENT__TOWER__12b7690544.xlsx | 969df60b-5cdb-4e83-bcfc-de54e28a41eb.xlsx,2DON MOHAMED REDHA -DEYAAR DEVELOPMENT,2,owner_or_restricted_inventory,,,720176,0,0,0,
CPID-UNIT-a9a3f545a146d345,LIKELY,same unit/building observed across multiple records,,SB Residences Building 4,mahmeed apartment sbr 4 311 sb residences,SBR4101,,,,,,,,,,,YES,70,1,0f41a533-9676-4013-bc52-1d316a99ce21.xlsx,Data Uae Pak Last,2,owner_or_restricted_inventory,,,,0,0,0,
CPID-UNIT-a3ded52d57a264da,LIKELY,same unit/building observed across multiple records,,,residences,707,,,,,,,,,,,YES,214,2,2DON_MOHAMED_REDHA_-DEYAAR_DEVELOPMENT__TOWER__3a044a48d2.xlsx | 9bf9d6e8-69f0-4d58-ab3f-75ca8c90f3f5.xlsx,2DON MOHAMED REDHA -DEYAAR DEVELOPMENT,2,owner_or_restricted_inventory,,,2271477,0,0,0,
CPID-UNIT-8755fc4a5819919b,LIKELY,same unit/building observed across multiple records,,St Regis Building 6,st regis,6206,,,,,,,,,,,YES,72,1,34a03740-f980-4dd0-81d0-dee237af95d6.xlsx,Data Uae Pak Last,2,owner_or_restricted_inventory,,,,0,0,0,
CPID-UNIT-91bd976b074f08a8,LIKELY,same unit/building observed across multiple records,,Beach Tower,tower,401,,,,,,,,,,,YES,204,1,Data_Uae_Pak_Last__Property`s Type__39eae9c864.xlsx,,2,owner_or_restricted_inventory,,,,0,0,0,generic_building_name
CPID-UNIT-aa608b78f102b57d,LIKELY,same unit/building observed across multiple records,,Weybridge Gardens 2,weybridge gardens,WG2714,,,,,,,,,,,YES,9,1,LEOS_-_HSH__Project__2aa7c349d1.xlsx,,2,owner_or_restricted_inventory,,,811586,0,0,0,
CPID-UNIT-11dfe444491074be,LIKELY,same unit/building observed across multiple records,Abu Dhabi,Sigma tower,sigma,1001,,,,,,,,,,,YES,105,1,0536e3d5-716d-4d39-b5d6-d18a96251d8f.xlsx,Data Uae Pak Last,2,owner_or_restricted_inventory,,,,0,0,0,
CPID-UNIT-c820d4b2654b9598,LIKELY,same unit/building observed across multiple records,Abu Dhabi,SKY TOWER,sky,4,,,,,,,,,,,YES,514,1,90fdd2ce-31db-44ad-b95e-33587473d061.xlsx,Data Uae Pak Last,2,owner_or_restricted_inventory,,,,0,0,0,
CPID-UNIT-46ebd332a87845c9,LIKELY,same unit/building observed across multiple records,Abu Dhabi,sun tower,sun,101,,,,,,,,,,,YES,496,1,6216ff69-24c9-42e5-8b44-76ae76db6894.xlsx,Data Uae Pak Last,2,owner_or_restricted_inventory,,,,0,0,0,
CPID-UNIT-8d055689388c36d5,LIKELY,same unit/building observed across multiple records,Abu Dhabi,Tala Tower,tala,7,,,,,,,,,,,YES,501,1,9987ccf5-828d-4113-8e39-a8f85b2c4adc.xlsx,Data Uae Pak Last,2,owner_or_restricted_inventory,,,,0,0,0,
CPID-UNIT-049e7056005f49b6,LIKELY,same unit/building observed across multiple records,JVC,AVANOS,01 b,25,Aldar,,,,,,,,,,YES,965,1,JVC.xlsx,,2,owner_or_restricted_inventory,,,,0,0,0,
CPID-UNIT-b111ad817b050faf,LIKELY,same unit/building observed across multiple records,Ras Al Khaimah,,b,101,,,,,,,,,,,YES,229,1,Data_Uae_Pak_Last__TOWER__b865183a64.xlsx,,2,owner_or_restricted_inventory,,,,0,0,0,
CPID-LAND-77800826,POSSIBLE,public or structural clues exist but no hard bridge,,,,,,,,,77800826 | s building 1 65164864 | for sale dubai dubai land majan 1583088 | for sale dubai emirates hills 15969343 | rukan rukan 3 2P7EaWGZ54C | shams abu dhabi beach towers 15667319 | city of lights horizon tower b 16205860 | for sale dubai al furjan 15818532 | damac sun city 15792090 | for sale dubai al wasl al wasl road 161 | s bay villas 100429408,,676020615,capri-phase-2-by-damac | vida-residences-hillside | avarra-by-palace | arancia-yards | 306990 | creek-bay | tetris-tower | orchid-at-creek-beach | sobha-coraline-beach-residences | preview-contentHash-BNR9WTCXZ9DJ7J4GC6MB8A6H14-renderState-2 | 79419142 | 73864626 | 79392661 | FC8X62V5XNRD3Q4G09CTTC4BX8 | 76131379 | 90924720 | 2cXdsWNT | NqKDg1bQ | apartment-for-rent-dubai-arjan-avelon-boulevard-2Q6qKEu4nNA-html | TW79X6XD0BPAZVG539PTQEAZG8 | PLJyKnis | cnxZ3Oq3 | QET3ZXC09BEVH6F1EQPKQHSAH4 | XKQP75WJX46Y89V2MA8Q511V7W | xVZYkI8P | podium-villas | 16137246 | raw-district | 0E5H9EYAV0FPK9MEP2J3JVE6Y0 | dubai-period-1w-fu-0-cs-completed-ob-mr | 15901205 | h9Nt7jiG | 14924691 | 77375638 | 77387398 | apartment-for-rent-dubai-meydan-meydan-one-azizi-riviera-azizi-riviera-21-2Q0Cjh | apartment-for-rent-dubai-meydan-meydan-one-azizi-riviera-azizi-riviera-9-2Q9s9R1 | apartment-for-rent-dubai-meydan-meydan-one-azizi-riviera-azizi-riviera-36-2Q4z4Q | 78188849 | khalid-bin-sultan-city | 78182876 | 6p18cX11 | 582710 | villa-blue-horizon | DaBIzLO | 79860347 | DfBloJS | apartment-for-rent-dubai-downtown-dubai-imperial-avenue-2Q3JgFxYUiW-html | 78193184 | 14716488 | 14331812 | future-residence | 78973443 | 14801221 | 14783257 | 79385636 | 14887800 | 74235006 | 77800826 | 65164864 | 14809425 | 79852442 | 78981182 | UUeLYc39 | 79843638 | 77364653 | action-token-key-eyJhbGciOiJIUzUxMiIsInR5cCIgOiAiSldUIiwia2lkIiA6ICJjYmY3NjQzOC0 | salva-by-emaar | 14709637 | 15243869 | 13282106 | DaBIpR6 | 15328993 | 15830889 | 15328874 | 15932213 | 15706395 | 15876554 | 15296328 | 01KCHWG8JWKWAP5VVF51QTJWDS | 01KC26CY9VDNWRNDGEJ6D6B1JJ | 13675253 | R4R0O8we | 15758730 | 13818665 | 16089634 | 12841097 | 15392180 | 15875138 | 15969343 | townhouse-for-sale-dubai-dubai-land-rukan-rukan-3-2P7EaWGZ54C-html | DfBoFgB | 12835135 | 13024077 | 12329394 | 15602062 | 11353397 | 15606967 | 13645270 | 14959655 | 13340593 | 15414821 | 13552655 | 14735888 | 12896479 | 15845573 | dXStU4aa | QOJfz4IR | 15647033 | 13503638 | 15667319 | 12978546 | 12332752 | 13005330 | 15706222 | 15442886 | 16205860 | 15706144 | 15300404 | dubai | 15907317 | 15927452 | 15932204 | 15110869 | 15818532 | 15910700 | 15411275 | 12940296 | 15274939 | 12817219 | 15712074 | 15446066 | 15564325 | 15235687 | 12877482 | 13027653 | 12964947 | 13825327 | 12857256 | 13438148 | 13005778 | 15721463 | 13278265 | 13297182 | 13157631 | 13971976 | 15140941 | 13136896 | 12725875 | 15723744 | 14858586 | 12563817 | 15712678 | arabian-ranches-lll-elie-saab-ll | apartment-for-sale-dubai-dubai-marina-aeternitas-tower-2PTCVbiY4XY-html | 13157287 | 13680392 | 13923746 | 13289864 | 13923696 | 15528965 | 32172 | 15044753 | search-l-36-c-2-t-1-bdr-2-fu-0-rp-y-ob-mr | 15869400 | 12887590 | 13101974 | 12685587 | 13425266 | 16206428 | 16164544 | 14887426 | 14110811 | 15819644 | Yak610Rt | 15792090 | DaxkZg | DaBFuky | 13073821 | 12448505 | 13601540 | 16109976 | 14277956 | 15956213 | 16145894 | 16113114 | 15773152 | 16159697 | DaBGtHT | 15355318 | 15778237 | lunaria-al-barari | tru-estimate | DfBoSK8 | 16178419 | 15592345 | 16084435 | NNi2miZB | 13130415 | 325662 | 15406190 | 14320767 | 14997951 | 14773989 | 15592141 | 15623742 | 15356085 | 12692810 | 15700197 | 15549788 | 15496181 | 12771848 | DiBL6eP | 100429408 | ar | 99856,https://www.propertyfinder.ae/en/new-projects/damac-properties/capri-phase-2-by-damac | https://www.propertyfinder.ae/en/new-projects/emaar-properties/vida-residences-hillside | https://www.propertyfinder.ae/go/QET3ZXC09BEVH6F1EQPKQHSAH4/en | https://www.propertyfinder.ae/en/new-projects/emaar-properties/avarra-by-palace | https://www.propertyfinder.ae/en/new-projects/beyond/arancia-yards | https://www.propertyfinder.ae/en/agent/306990 | https://www.propertyfinder.ae/en/new-projects/emaar-properties/creek-bay | https://www.propertyfinder.ae/en/new-projects/object-1-contemporary-development/tetris-tower | https://www.propertyfinder.ae/en/new-projects/emaar-properties/orchid-at-creek-beach | https://www.propertyfinder.ae/en/new-projects/sobha-real-estate-llc/sobha-coraline-beach-residences,,NO,221,1,WhatsApp ChatStorage.sqlite,+971 56 151 7195 | +971 50 466 9581 | +971 56 837 7452 | +971 58 118 9400 | +971 56 287 1032 | +33 7 83 16 20 93 | +971 50 326 0213 | +971 58 830 5773 | +994 55 245 55 85 | +971 52 462 5230,6,public_listing_scrape,,,,221,216,0,non_listing_public_url | polluted_property_number | polluted_property_number;non_listing_public_url
CPID-HASH-145b74c162883715,POSSIBLE,public or structural clues exist but no hard bridge,,,,1L,Reportage,,,,,,,,,,YES,222,1,Reportage_Inventory__3014__ac9a52ed89.xlsx,,2,owner_or_restricted_inventory,,,,0,0,0,no_resolver_signal
CPID-HASH-42cb6231a76983a2,POSSIBLE,public or structural clues exist but no hard bridge,,,,1L,Reportage,,,,,,,,,,YES,215,1,Reportage_Inventory__3014__39097fe6b2.xlsx,,2,owner_or_restricted_inventory,,,,0,0,0,no_resolver_signal
CPID-HASH-50f33a7652741d77,POSSIBLE,public or structural clues exist but no hard bridge,,,,1L,Reportage,,,,,,,,,,YES,240,1,Reportage_Inventory__3014__69038f24c0.xlsx,,2,owner_or_restricted_inventory,,,,0,0,0,no_resolver_signal
CPID-HASH-5e5cadff258bfbae,POSSIBLE,public or structural clues exist but no hard bridge,,,,1L,Reportage,,,,,,,,,,YES,229,1,Reportage_Inventory__3014__6ea2d12d01.xlsx,,2,owner_or_restricted_inventory,,,,0,0,0,no_resolver_signal
CPID-HASH-62c5896d63bac13c,POSSIBLE,public or structural clues exist but no hard bridge,,,,1L,Reportage,,,,,,,,,,YES,239,1,Reportage_Inventory__3014__ccd1445561.xlsx,,2,owner_or_restricted_inventory,,,,0,0,0,no_resolver_signal
CPID-HASH-d99bf1e0a276ce04,POSSIBLE,public or structural clues exist but no hard bridge,,,,1L,Reportage,,,,,,,,,,YES,236,1,Reportage_Inventory__3014__abd925a1c4.xlsx,,2,owner_or_restricted_inventory,,,,0,0,0,no_resolver_signal
CPID-HASH-aa80e32e5df82496,POSSIBLE,public or structural clues exist but no hard bridge,,,,201,,,,,,,,,,,YES,120,1,0a61877f-b2fb-451b-91ff-81bb026cd696.xlsx,Data Uae Pak Last,2,owner_or_restricted_inventory,,,,0,0,0,
CPID-HASH-c4696bc33af4ff0e,POSSIBLE,public or structural clues exist but no hard bridge,,,,202,,,,,,,,,,,YES,225,1,Reportage_Inventory__73fd58f1-9853-4763-b3d6-5b415324a9b9__e3b118dc75.xlsx,,2,owner_or_restricted_inventory,,,,0,0,0,no_resolver_signal
CPID-HASH-cbef39b54c75bac1,POSSIBLE,public or structural clues exist but no hard bridge,,,,202,,,,,,,,,,,NO,138,1,HSHObject1__2556cb9f-0ebc-435f-b39e-31d3b5caa0ab__7f6e6a6f90.xlsx,,3,validated_spreadsheet_inventory,,,,0,0,0,
CPID-HASH-e352a045df73ae37,POSSIBLE,public or structural clues exist but no hard bridge,,,,202,,,,,,,,,,,NO,140,1,HSHObject1__796fbdde-e69f-4e78-86a9-2fd67eb95fe9__e498504c3f.xlsx,,3,validated_spreadsheet_inventory,,,,0,0,0,
CPID-HASH-03a46c0915da67ea,POSSIBLE,public or structural clues exist but no hard bridge,,,,203,,,,,,,,,,,NO,67,1,HSHObject1__ab20a7e9-9ee0-4f16-910a-3e6399317a74__dda2658d56.xlsx,,3,validated_spreadsheet_inventory,,,,0,0,0,
CPID-HASH-35b1a7e2b4653cfe,POSSIBLE,public or structural clues exist but no hard bridge,,,,203,,,,,,,,,,,NO,67,1,HSHObject1__c75a4a95-8a72-4b3a-bcea-32c7aac38024__b5bf281258.xlsx,,3,validated_spreadsheet_inventory,,,,0,0,0,
CPID-HASH-04d241afe704c0ee,POSSIBLE,public or structural clues exist but no hard bridge,,,,301,,,,,,,,,,,NO,95,1,HSHObject1__959b678a-988e-408b-a57d-babfe21eb212__95811baa6f.xlsx,,3,validated_spreadsheet_inventory,,,,0,0,0,
CPID-HASH-66b9c55a31c5cb7d,POSSIBLE,public or structural clues exist but no hard bridge,,,,403,,,,,,,,,,,NO,87,1,HSHObject1__45fcbb03-9f46-4197-8505-b9f33fd29510__77f9127278.xlsx,,3,validated_spreadsheet_inventory,,,,0,0,0,
CPID-HASH-700d4340937a195d,POSSIBLE,public or structural clues exist but no hard bridge,,,,403,,,,,,,,,,,NO,75,1,HSHObject1__560cff45-bedb-4011-8704-774f0fa8b694__44fa2f752a.xlsx,,3,validated_spreadsheet_inventory,,,,0,0,0,
CPID-HASH-bd8f077574e7ae3e,POSSIBLE,public or structural clues exist but no hard bridge,,,,403,,,,,,,,,,,NO,79,1,HSHObject1__ac274d9d-4683-43a4-b87f-76dc917c79d1__e2699bf54d.xlsx,,3,validated_spreadsheet_inventory,,,,0,0,0,
CPID-HASH-0f1f1d77abe198a6,POSSIBLE,public or structural clues exist but no hard bridge,,,,A03,,,,,,,,,,,YES,57,1,Reportage_Inventory__99c58ae4-60ae-474d-a525-c21e51b57e4c__b17701f8c6.xlsx,,2,owner_or_restricted_inventory,,,,0,0,0,
CPID-HASH-6079daa17b56d6ff,POSSIBLE,public or structural clues exist but no hard bridge,,,,A03,,,,,,,,,,,YES,62,1,Reportage_Inventory__Sylvana Availability__cdd11f415b.xlsx,,2,owner_or_restricted_inventory,,,,0,0,0,
CPID-HASH-63e21f538d6c76a3,POSSIBLE,public or structural clues exist but no hard bridge,,,,A03,,,,,,,,,,,YES,63,1,Reportage_Inventory__Sylvana Availability__4748b80daa.xlsx,,2,owner_or_restricted_inventory,,,,0,0,0,
CPID-HASH-641a18ef96f5c33a,POSSIBLE,public or structural clues exist but no hard bridge,,,,A03,,,,,,,,,,,YES,63,1,Reportage_Inventory__Sylvana Availability__cfc92026de.xlsx,,2,owner_or_restricted_inventory,,,,0,0,0,
CPID-HASH-e750c7ec8699c040,POSSIBLE,public or structural clues exist but no hard bridge,,,,A03,,,,,,,,,,,YES,64,1,Reportage_Inventory__Sylvana Availability__7d1436514b.xlsx,,2,owner_or_restricted_inventory,,,,0,0,0,
CPID-HASH-ebcb3aab42a8ea4d,POSSIBLE,public or structural clues exist but no hard bridge,,,,A03,,,,,,,,,,,YES,59,1,Reportage_Inventory__Sylvana Availability__b5bc12621c.xlsx,,2,owner_or_restricted_inventory,,,,0,0,0,
CPID-HASH-6ef19f2265bbeeb1,POSSIBLE,public or structural clues exist but no hard bridge,,,,JH,,,,,,,,,,,YES,14,1,TIGER_-_HOME_SWEET_HOME_REAL_ESTATE__Handover: Q2 2029__f378ebf74c.xlsx,,2,owner_or_restricted_inventory,,,943065,0,0,0,
CPID-HASH-0a212feca5d65292,POSSIBLE,public or structural clues exist but no hard bridge,,,,NO,,,,,,,,,,,YES,78,1,Reportage_Inventory__DIVA (HANDING OVER Q4 2024)__63a16b8deb.xlsx,,2,owner_or_restricted_inventory,,,,0,0,0,no_resolver_signal
CPID-HASH-17a39eff1f1ecc5f,POSSIBLE,public or structural clues exist but no hard bridge,,,,NO,,,,,,,,,,,YES,71,1,Reportage_Inventory__DIVA (HANDING OVER Q4 2024)__071a5a6811.xlsx,,2,owner_or_restricted_inventory,,,,0,0,0,no_resolver_signal
CPID-HASH-371afef1702ba947,POSSIBLE,public or structural clues exist but no hard bridge,,,,NO,,,,,,,,,,,YES,75,1,Reportage_Inventory__9e8cbfbd-4be2-43fa-8d80-c75925f2e7aa__4fa2fc5adc.xlsx,,2,owner_or_restricted_inventory,,,,0,0,0,no_resolver_signal
CPID-HASH-5dcbd0c83816a8c3,POSSIBLE,public or structural clues exist but no hard bridge,,,,NO,,,,,,,,,,,YES,76,1,Reportage_Inventory__DIVA HANDING OVER Q4 2024__fcd5c43bb3.xlsx,,2,owner_or_restricted_inventory,,,,0,0,0,no_resolver_signal
CPID-HASH-7ce580e4a30510ea,POSSIBLE,public or structural clues exist but no hard bridge,,,,NO,,,,,,,,,,,YES,71,1,Reportage_Inventory__DIVA (HANDING OVER Q4 2024)__12d44572ad.xlsx,,2,owner_or_restricted_inventory,,,,0,0,0,no_resolver_signal
CPID-HASH-89c9df9d251a762a,POSSIBLE,public or structural clues exist but no hard bridge,,,,NO,,,,,,,,,,,YES,78,1,Reportage_Inventory__DIVA (HANDING OVER Q4 2024)__d89418de99.xlsx,,2,owner_or_restricted_inventory,,,,0,0,0,no_resolver_signal
CPID-HASH-c98e851390ddc824,POSSIBLE,public or structural clues exist but no hard bridge,,,,NO,,,,,,,,,,,YES,71,1,Reportage_Inventory__DIVA (HANDING OVER Q4 2024)__8b17644d10.xlsx,,2,owner_or_restricted_inventory,,,,0,0,0,no_resolver_signal
CPID-HASH-11705b81fab3f50a,POSSIBLE,public or structural clues exist but no hard bridge,,,,S1001,,,,,,,,,,,YES,266,1,Reportage_Inventory__Monte Napoleone MNGT Units__f40c97c1dc.xlsx,,2,owner_or_restricted_inventory,,,,0,0,0,
CPID-HASH-26a2892a3744d1a1,POSSIBLE,public or structural clues exist but no hard bridge,,,,S1001,,,,,,,,,,,YES,266,1,Reportage_Inventory__Monte Napoleone MNGT Units__72c00ef10b.xlsx,,2,owner_or_restricted_inventory,,,,0,0,0,
CPID-HASH-46632b09f63e9a34,POSSIBLE,public or structural clues exist but no hard bridge,,,,S1001,,,,,,,,,,,YES,266,1,Reportage_Inventory__Monte Napoleone MNGT Units__7850b32b27.xlsx,,2,owner_or_restricted_inventory,,,,0,0,0,
CPID-HASH-480aa3bd306b298c,POSSIBLE,public or structural clues exist but no hard bridge,,,,S1001,,,,,,,,,,,YES,266,1,Reportage_Inventory__bffd36ca-3cf8-4eba-82c3-ff850628f3c4__c8a5536e02.xlsx,,2,owner_or_restricted_inventory,,,,0,0,0,
CPID-HASH-eff0cd5c29346436,POSSIBLE,public or structural clues exist but no hard bridge,,,,S1001,,,,,,,,,,,YES,266,1,Reportage_Inventory__Monte Napoleone MNGT Units__274dd0842b.xlsx,,2,owner_or_restricted_inventory,,,,0,0,0,
CPID-HASH-f8315ce755569263,POSSIBLE,public or structural clues exist but no hard bridge,,,,S1001,,,,,,,,,,,YES,266,1,Reportage_Inventory__Monte Napoleone MNGT Units__d46f8387c9.xlsx,,2,owner_or_restricted_inventory,,,,0,0,0,
CPID-HASH-1f30fb045fd75fc0,POSSIBLE,public or structural clues exist but no hard bridge,,,,UNIT,,,,,,,,,,,YES,279,1,Reportage_Inventory__Reportage Oceana__2e842da7d0.xlsx,,2,owner_or_restricted_inventory,,,,0,0,0,no_resolver_signal
CPID-HASH-51e07f0a237ed47f,POSSIBLE,public or structural clues exist but no hard bridge,,,,UNIT,,,,,,,,,,,YES,279,1,Reportage_Inventory__Reportage Oceana__ac20f4467c.xlsx,,2,owner_or_restricted_inventory,,,,0,0,0,no_resolver_signal
CPID-HASH-e5bbe13df88de338,POSSIBLE,public or structural clues exist but no hard bridge,,,,UNIT,,,,,,,,,,,YES,281,1,Reportage_Inventory__Reportage Oceana__a076884ead.xlsx,,2,owner_or_restricted_inventory,,,,0,0,0,no_resolver_signal
CPID-HASH-236b107721ca3243,POSSIBLE,public or structural clues exist but no hard bridge,JVC,,,51L,Reportage,,,,,,,,,,NO,1,1,Reportage_Inventory__3014__ac9a52ed89.xlsx,,8,unclassified_source,,,,0,0,0,
CPID-HASH-3e53e23017bd0f81,POSSIBLE,public or structural clues exist but no hard bridge,JVC,,,51L,Reportage,,,,,,,,,,NO,1,1,Reportage_Inventory__3014__ccd1445561.xlsx,,8,unclassified_source,,,,0,0,0,
CPID-HASH-492c774908bad15c,POSSIBLE,public or structural clues exist but no hard bridge,JVC,,,51L,Reportage,,,,,,,,,,NO,1,1,Reportage_Inventory__3014__6ea2d12d01.xlsx,,8,unclassified_source,,,,0,0,0,
CPID-HASH-8d7a927eef7a3796,POSSIBLE,public or structural clues exist but no hard bridge,JVC,,,51L,Aldar,,,,,,,,,,NO,1,1,KnowledgeBase_Master_Catalog.csv,,7,free_text_extraction,,,,0,0,0,
CPID-HASH-9fb60d1017b545f6,POSSIBLE,public or structural clues exist but no hard bridge,JVC,,,51L,Reportage,,,,,,,,,,NO,1,1,Reportage_Inventory__3014__39097fe6b2.xlsx,,8,unclassified_source,,,,0,0,0,
CPID-HASH-a21233e35abd8951,POSSIBLE,public or structural clues exist but no hard bridge,JVC,,,51L,Reportage,,,,,,,,,,NO,1,1,Reportage_Inventory__3014__69038f24c0.xlsx,,8,unclassified_source,,,,0,0,0,
CPID-HASH-a775dbb39eaadeb4,POSSIBLE,public or structural clues exist but no hard bridge,JVC,,,51L,Reportage,,,,,,,,,,NO,1,1,Reportage_Inventory__3014__abd925a1c4.xlsx,,8,unclassified_source,,,,0,0,0,
CPID-HASH-14a98d55c7a369c7,POSSIBLE,public or structural clues exist but no hard bridge,Ras Al Khaimah,,,202,,,,,,,,,,,YES,73,1,796ebc88-9ecb-4559-87a1-e237fd01229f.xlsx,Data Uae Pak Last,2,owner_or_restricted_inventory,,,Hassen Moussa,0,0,0,
CPID-HASH-b9a8ad1432ae7299,UNRESOLVED,record lacks enough deterministic or structural evidence,,,,,HSH,,,,,,,,,,NO,5,1,brand-assets-files.txt,,7,free_text_extraction,,,,0,0,0,polluted_property_number;no_resolver_signal
CPID-HASH-edee1f0134bbe05c,UNRESOLVED,record lacks enough deterministic or structural evidence,,,,,,,,,,,,,,,YES,225,1,Reportage_Inventory__REPORTAGE HEIGHTS 1 - B__68cb7f0e5e.xlsx,,2,owner_or_restricted_inventory,,,,0,0,0,no_resolver_signal
CPID-LAND-p038,UNRESOLVED,record lacks enough deterministic or structural evidence,,,,,,,,,P 038 | P 043 | P 044 | P 045 | P 046 | P 047 | P 048 | P 049 | P 050 | P 051 | P 052 | P 053 | P 054 | P 055 | P 056 | P 057 | P 058 | P 059 | P 060 | P 062 | P 063 | P 064 | P 066 | P 068 | P 069 | P 070 | P 073 | P 074 | P 075 | P 076 | P 079 | P 080 | P 081 | P 082 | P 086 | P 087 | P 088 | P 089 | P 090 | P 091 | P 092 | P 093 | P 094 | P 095 | P 096 | P 097 | P 098 | P 099 | P 101 | P 103 | P 104 | P 105 | P 106 | P 107 | P 108 | P 109 | P 110 | P 111 | P 113 | P 114 | P 116 | P 117 | P 119 | P 120 | P 121 | P 122 | P 123 | P 124 | P 125 | P 126 | P 127 | P 128 | P 129 | P 130 | P 131 | P 132 | P 133 | P 134 | P 135 | P 136 | P 137 | P 138 | P 140 | P 141 | P 142 | P 143 | P 144 | P 145 | P 146 | P 147 | P 148 | P 149 | P 150 | P 151 | P 152 | P 153 | P 157 | P 158 | P 159 | P 160 | P 161 | P 162 | P 163 | P 164 | P 165 | P 166 | P 167 | P 168 | P 169 | P 170 | P 171 | P 172 | P 173 | P 174 | P 175 | P 176 | P 177 | P 179 | P 181 | P 182 | P 183 | P 184 | P 185 | P 186 | P 187 | P 188 | P 189 | P 190 | P 191 | P 193 | P 194 | P 197 | P 198 | P 199 | P 200 | P 201 | P 202 | P 203 | P 204 | P 205 | P 206 | P 207 | P 208 | P 209 | P 210 | P 211 | P 212 | P 213 | P 215 | P 216 | P 217 | P 218 | P 219 | P 220 | P 221 | P 223 | P 224 | P 225 | P 226 | P 227 | P 229 | P 230 | P 231 | P 232 | P 233 | P 234 | P 235 | P 236 | P 237 | P 238 | P 241 | P 242 | P 243 | P 244 | P 245 | P 246 | P 247 | P 248 | P 249 | P 251 | P 252 | P 253 | P 254 | P 255 | P 256 | P 257 | P 258 | P 259 | P 260 | P 261 | P 262 | P 263 | P 264 | P 265 | P 266 | P 267 | P 269 | P 271 | P 272 | P 273 | P 275 | P 276 | P 277 | P 279 | P 281 | P APT 01,,,,,,NO,206,1,Data_Uae_Pak_Last__Property`s Type__4dd7ad70cb.xlsx,,8,unclassified_source,,,,0,0,0,
CPID-PLOT-100,UNRESOLVED,record lacks enough deterministic or structural evidence,,,,,,,,100 | 101 | 102 | 103 | 104 | 105 | 106 | 107 | 108 | 109 | 110 | 111 | 112 | 113 | 114 | 115 | 116 | 117 | 118 | 119 | 120 | 121 | 122 | 123 | 124 | 125 | 126 | 127 | 128 | 129 | 130 | 131 | 132 | 133 | 134 | 135 | 136 | 137 | 138 | 139 | 140 | 141 | 142 | 143 | 144 | 145 | 146 | 147 | 148 | 149 | 150 | 151 | 152 | 153 | 154 | 155 | 156 | 157,,,,,,,NO,58,1,Data_Uae_Pak_Last__Area sqft__0256c24bc1.xlsx,,8,unclassified_source,,,,0,0,0,
CPID-PLOT-581,UNRESOLVED,record lacks enough deterministic or structural evidence,,,,,Tiger,,,581,,,,,,,NO,1,1,Tiger Sky Tower-3902TigerContract document.pdf,,5,pdf_extraction,,,,0,0,0,
CPID-HASH-31ad1d0de9fbcc64,UNRESOLVED,record lacks enough deterministic or structural evidence,Dubai Hills,,,,,,,,,,,,,,YES,133,1,Reportage_Inventory__DUBAI HILLS AVAILABILITY__902f581911.xlsx,,2,owner_or_restricted_inventory,,,,0,0,0,no_resolver_signal
CPID-HASH-4518921d16d95da1,UNRESOLVED,record lacks enough deterministic or structural evidence,Dubai Hills,,,,,,,,,,,,,,YES,129,1,Reportage_Inventory__DUBAI HILLS AVAILABILITY__90b740e669.xlsx,,2,owner_or_restricted_inventory,,,,0,0,0,no_resolver_signal
CPID-HASH-580d0486a182d0a5,UNRESOLVED,record lacks enough deterministic or structural evidence,Dubai Hills,,,,,,,,,,,,,,YES,128,1,Reportage_Inventory__DUBAI HILLS AVAILABILITY__042e594ad2.xlsx,,2,owner_or_restricted_inventory,,,,0,0,0,no_resolver_signal
CPID-HASH-6395444149f6ecbf,UNRESOLVED,record lacks enough deterministic or structural evidence,Dubai Hills,,,,,,,,,,,,,,YES,126,1,Reportage_Inventory__ffd5c26e-49da-4c91-b603-c0b42a2332e4__7bb0933451.xlsx,,2,owner_or_restricted_inventory,,,,0,0,0,no_resolver_signal
CPID-HASH-a1d806017ae5aa78,UNRESOLVED,record lacks enough deterministic or structural evidence,Dubai Hills,,,,,,,,,,,,,,YES,127,1,Reportage_Inventory__DUBAI HILLS AVAILABILITY__da8db8e57d.xlsx,,2,owner_or_restricted_inventory,,,,0,0,0,no_resolver_signal
CPID-HASH-ccd95e366cf71015,UNRESOLVED,record lacks enough deterministic or structural evidence,Dubai Hills,,,,,,,,,,,,,,YES,129,1,Reportage_Inventory__DUBAI HILLS AVAILABILITY__d160d26d64.xlsx,,2,owner_or_restricted_inventory,,,,0,0,0,no_resolver_signal
CPID-HASH-d2a88a01f39a274d,UNRESOLVED,record lacks enough deterministic or structural evidence,Dubai Hills,,,,,,,,,,,,,,YES,130,1,Reportage_Inventory__DUBAI HILLS AVAILABILITY__7f03fbbd4c.xlsx,,2,owner_or_restricted_inventory,,,,0,0,0,no_resolver_signal
CPID-PROP-pjpvp018,UNRESOLVED,record lacks enough deterministic or structural evidence,MBR City,,,,Nakheel,PJ P VP 018,27459 | 51392,6757 | PJ P VP 018,,,,,,,NO,16,9,Palm_Jumeirah_Nakheel_Submission_Package_RevB_fixed.pdf | Contract F - Plot 18- Palm Crown - New (1).pdf | cpalmd (1).pdf | Palm_Jumeirah_Nakheel_updated.pdf | Plot-18_PJ-P-VP-018_REV-01_FINAL_Nakheel_Submission.pdf | Palm_Jumeirah_Nakheel_Submission_Package_RevB_final.pdf | extracted_text.txt | rev01_text.txt | Nakheel_Approval_QA_Report.pdf,,5,pdf_extraction,,,,0,0,0,polluted_property_number
CPID-LAND-120,UNRESOLVED,record lacks enough deterministic or structural evidence,Palm Jumeirah,,,,Imtiaz,,,,120 | 207 | 239,,,,,,NO,3,1,6f1e3efe-637f-455e-9cc5-0d642d2242f3.xlsx,Data Uae Pak Last,8,unclassified_source,,,,0,0,0,
CPID-PROP-avenuecvp02,VERIFIED_STRUCTURAL,hard identifier exists with partial structural evidence,,,,AVENUEA,,AVENUE C VP 02 | AVENUE C VP 01 | AVENUE C VP 16 | AVENUE C VP 15 | AVENUE C VP 14 | AVENUE C VP 03 | AVENUE C VP 04 | AVENUE C VP 05 | AVENUE C VP 06 | AVENUE C VP 07 | AVENUE C VP 08 | AVENUE C VP 09 | AVENUE C VP 10 | AVENUE C VP 12 | AVENUE C VP 13 | AVENUE C VP 23 | AVENUE C VP 22 | AVENUE C VP 21 | AVENUE C VP 20 | AVENUE C VP 17 | AVENUE C VP 18 | AVENUE C VP 19 | AVENUE B DP 12 | AVENUE B DP 11 | AVENUE B DP 10 | AVENUE B DP 09 | AVENUE B DP 08 | AVENUE B DP 07 | AVENUE B DP 06 | AVENUE B DP 03 | AVENUE B DP 02 | AVENUE B DP 15 | AVENUE B DP 05 | AVENUE B DP 04 | AVENUE B DP 14 | AVENUE B DP 13 | AVENUE B DP 01 | AVENUE A DP 19 | AVENUE A DP 25 | AVENUE A DP 23 | AVENUE A DP 17 | AVENUE A DP 30 | AVENUE A DP 20 | AVENUE A DP 29 | AVENUE A DP 18 | AVENUE A DP 21 | AVENUE A DP 24 | AVENUE A DP 22 | AVENUE A DP 28 | AVENUE A DP 26 | AVENUE A DP 27 | AVENUE A DP 11 | AVENUE A DP 12 | AVENUE A DP 13 | AVENUE A DP 15 | AVENUE A DP 14 | AVENUE A DP 16 | AVENUE A DP 01 | AVENUE A DP 02 | AVENUE A DP 03 | AVENUE A DP 04 | AVENUE A DP 05 | AVENUE A DP 06 | AVENUE A DP 07 | AVENUE A DP 08 | AVENUE A DP 09 | AVENUE A DP 10,,,,,,,,,YES,67,1,6572232c-d933-4c78-a2e8-29671dac7ca7.xlsx,Data Uae Pak Last,2,owner_or_restricted_inventory,,,,0,0,0,
