cluster_id,classification,canonical_area,canonical_building_project,possible_unit_number,bedrooms,size_range_sqm,price_range,source_platforms,source_files,record_count,confidence,owner_contact_available,restricted_owner_contact_link
cluster_00001,SAME_UNIT_EXACT,Ras Al Khaimah,t 5308 tariq barakat apartment 1905,1905,,,,,Data_Uae_Pak_Last__Property`s Type__39eae9c864.xlsx,1,95,YES,8bc06e450961d271
cluster_00002,SAME_UNIT_EXACT,Ras Al Khaimah,t 5331 mohamed mubarak,603,,,,,Data_Uae_Pak_Last__Property`s Type__39eae9c864.xlsx,1,95,YES,d251c76a50a478c2
cluster_00003,SAME_UNIT_EXACT,JVC,Catch Residences By IGO,1139,,61.31-83.98,,,JVC.xlsx,16,95,YES,4ba9da4197746a05|76f159d9b9a3825b|7a8e68b368f3d731|8da41c3df1721477|a57bfa2c445ade43|d22ac173ba395a5b|f216586308777a91|f84ae10922686667
cluster_00004,SAME_UNIT_EXACT,JVC,THE ONE,393,,30.06-30.06,,,JVC.xlsx,3,95,YES,76f159d9b9a3825b
cluster_00005,SAME_UNIT_EXACT,JVC,99 3212,393,,65.99-65.99,,,JVC.xlsx,3,95,YES,33d4d5ac0a911870|67bc1479d41a6d88
cluster_00006,SAME_UNIT_EXACT,JVC,76 3409,393,,62.76-62.76,,,JVC.xlsx,3,95,YES,33d4d5ac0a911870|6f2fa97b9eeb1d51
cluster_00007,SAME_UNIT_EXACT,JVC,06 2811,393,,30.06-30.06,,,JVC.xlsx,3,95,YES,76f159d9b9a3825b
cluster_00008,SAME_UNIT_EXACT,JVC,Sapphire 32 by Dar Alkarama,1984,,36.96-72.40,,,JVC.xlsx,6,95,YES,012934c2cb6eaffd|64f0c9527b974aa2|76f159d9b9a3825b|b3ca8a86b13128be
cluster_00009,SAME_UNIT_EXACT,JVC,56 2604,1984,,192.56-192.56,,,JVC.xlsx,2,95,YES,76f159d9b9a3825b|b3ca8a86b13128be
cluster_00010,SAME_UNIT_EXACT,JVC,22 1208,1984,,36.22-36.22,,,JVC.xlsx,2,95,YES,485590cd20f2322b
cluster_00011,SAME_UNIT_EXACT,JVC,64 1701,1984,,44.64-44.64,,,JVC.xlsx,2,95,YES,76f159d9b9a3825b
cluster_00012,SAME_UNIT_EXACT,JVC,00 1229816 luma22 jvc10jmrp200 1 luma22 west,609,,81.61-81.61,,,JVC.xlsx,2,95,YES,76f159d9b9a3825b
cluster_00013,SAME_UNIT_EXACT,JVC,17 null 681 6716,681,,167.17-167.17,,,JVC.xlsx,2,95,YES,c557bb98b674cb35
cluster_00014,SAME_UNIT_EXACT,JVC,85 2210,1984,,72.85-72.85,,,JVC.xlsx,2,95,YES,3c46594944f5c76c
cluster_00015,SAME_UNIT_EXACT,JVC,37 1009,1984,,105.37-105.37,,,JVC.xlsx,2,95,YES,76f159d9b9a3825b|ef114dacb27d90a5
cluster_00016,SAME_UNIT_EXACT,JVC,61 2110,1984,,80.61-80.61,,,JVC.xlsx,2,95,YES,15bd41bc38557038
cluster_00017,SAME_UNIT_EXACT,JVC,84 1802,1984,,73.84-73.84,,,JVC.xlsx,2,95,YES,15f35ee3510fcb11|76f159d9b9a3825b
cluster_00018,SAME_UNIT_EXACT,JVC,64 1601,1984,,44.64-44.64,,,JVC.xlsx,2,95,YES,76f159d9b9a3825b
cluster_00019,SAME_UNIT_EXACT,JVC,53 1806,1351,,64.53-64.53,,,JVC.xlsx,2,95,YES,7a14b023d2f93080|948f9d577131d80b
cluster_00020,SAME_UNIT_EXACT,JVC,56 1906,1984,,36.56-36.56,,,JVC.xlsx,2,95,YES,64f0c9527b974aa2|76f159d9b9a3825b
cluster_00021,SAME_UNIT_EXACT,JVC,75 1905,1984,,36.75-36.75,,,JVC.xlsx,2,95,YES,76f159d9b9a3825b
cluster_00022,SAME_UNIT_EXACT,JVC,39 2003,1984,,68.39-68.39,,,JVC.xlsx,2,95,YES,0ed08dba16a61d35|dbecf952a7919573
cluster_00023,SAME_UNIT_EXACT,JVC,1WOOD RESIDENCE,800,,37.38-74.44,,,JVC.xlsx,20,95,YES,76f159d9b9a3825b|8eda21c416cacdea|910688abe38bed14|9b636493ea7c9812|a11475921e325773|ca675dbd697477e3|ebf338d9732eae79
cluster_00024,SAME_UNIT_EXACT,JVC,22 1808,1984,,36.22-36.22,,,JVC.xlsx,2,95,YES,76f159d9b9a3825b
cluster_00025,SAME_UNIT_EXACT,JVC,36 1807,1984,,36.36-36.36,,,JVC.xlsx,2,95,YES,2b75b871ac813512|76f159d9b9a3825b
cluster_00026,SAME_UNIT_EXACT,JVC,25 1003,1984,,73.25-73.25,,,JVC.xlsx,2,95,YES,0816b8fe8cc23763|0ed08dba16a61d35
cluster_00027,SAME_UNIT_EXACT,JVC,37 1109,1984,,105.37-105.37,,,JVC.xlsx,2,95,YES,5e8249409c7cf929|ef114dacb27d90a5
cluster_00028,SAME_UNIT_EXACT,JVC,00 350000 may residence jvc10rmra800 1 may,1585,,45.96-45.96,,,JVC.xlsx,6,95,YES,76f159d9b9a3825b
cluster_00029,SAME_UNIT_EXACT,JVC,00 300000 may residence jvc10rmra800 1 may,1585,,36.89-36.89,,,JVC.xlsx,6,95,YES,3aad3caab1a6f577|c365f98a83357801
cluster_00030,SAME_UNIT_EXACT,JVC,17 2406,2004,,125.17-125.17,,,JVC.xlsx,6,95,YES,480f736e70893f0c|d65fa5932b714cef
cluster_00031,SAME_UNIT_EXACT,JVC,87 a402,795,,113.87-113.87,,,JVC.xlsx,3,95,YES,e156db94e5178b1d|ef5f545166671fcc
cluster_00032,SAME_UNIT_EXACT,JVC,PANTHEON ELYSEE,151,,37.42-40.72,,,JVC.xlsx,18,95,YES,1c0d4a15fecba729|22e6813e8b62eeef|46ac8a1e24c0a644|76f159d9b9a3825b|9701ba048c1dbf1f|b1239db320547c91|d4c0bcac6a489d23
cluster_00033,SAME_UNIT_EXACT,JVC,14 g20,548,,131.14-131.14,,,JVC.xlsx,3,95,YES,7076311ded6c3b6c
cluster_00034,SAME_UNIT_EXACT,JVC,89 null 681 7182,681,,189.89-189.89,,,JVC.xlsx,3,95,YES,15faa8072227b36d
cluster_00035,SAME_UNIT_EXACT,JVC,03 c 2701,762,,61.03-61.03,,,JVC.xlsx,6,95,YES,25952838bf77572e|76f159d9b9a3825b|fd9a409849dbde0d
cluster_00036,SAME_UNIT_EXACT,JVC,Belgravia 2,792,,74.78-74.78,,,JVC.xlsx,6,95,YES,519008b3cc82920d|76f159d9b9a3825b|f8cb6627bd521bab
cluster_00037,SAME_UNIT_EXACT,JVC,00 363375 hyati residence jvc14lmrp200 1 hyati residences,627,,42.03-42.03,,,JVC.xlsx,5,95,YES,09d6fd43300d5be6|76f159d9b9a3825b
cluster_00038,SAME_UNIT_EXACT,JVC,87 a302,795,,113.87-113.87,,,JVC.xlsx,6,95,YES,262b707bdd828172|82bf2f9986eb282b|e156db94e5178b1d
cluster_00039,SAME_UNIT_EXACT,JVC,37 1501,1358,,91.37-91.37,,,JVC.xlsx,6,95,YES,52b42c3413e60666|76f159d9b9a3825b|a814362ff88cd9bb
cluster_00040,SAME_UNIT_EXACT,JVC,89 1109,1970,,65.89-65.89,,,JVC.xlsx,7,95,YES,5b96688639d2d1ae|76f159d9b9a3825b|db9ea4312595c11a|e7653594a99761d1
cluster_00041,SAME_UNIT_EXACT,JVC,Binghatti,2067,,61.07-79.25,,,JVC.xlsx,9,95,YES,02d3d242079190ac|76f159d9b9a3825b|c31c97fc32f39aca|f76c7e7a02391167
cluster_00042,SAME_UNIT_EXACT,JVC,THE HAVEN GARDEN,2073,,78.36-105.93,,,JVC.xlsx,9,95,YES,17d9800f2080854c|5d1d831b4385628f|76f159d9b9a3825b
cluster_00043,SAME_UNIT_EXACT,JVC,Oxford Terraces,273,,36.72-36.72,,,JVC.xlsx,2,95,YES,76f159d9b9a3825b|c9073767304b25b0
cluster_00044,SAME_UNIT_EXACT,JVC,6 1301,1571,,38.60-38.60,,,JVC.xlsx,3,95,YES,275f7a4d80590847|76f159d9b9a3825b|a5bcbc13515ad802
cluster_00045,SAME_UNIT_EXACT,JVC,HAMILTON HOUSE,710,,35.93-35.93,,,JVC.xlsx,3,95,YES,76f159d9b9a3825b
cluster_00046,SAME_UNIT_EXACT,JVC,Pearl House II By Imtiaz,341,,68.47-73.15,,,JVC.xlsx,6,95,YES,424353e2cdbde613|76f159d9b9a3825b|99f1dc1084437b14|b12c4c4e35c4aa5d|f5003d9cc2a5e5db
cluster_00047,SAME_UNIT_EXACT,JVC,00 686609 luma22 jvc10jmrp200 1 luma22 west,609,,43.55-43.55,,,JVC.xlsx,4,95,YES,351ab143a0606587|6313d268d063b16b
cluster_00048,SAME_UNIT_EXACT,JVC,Oxford Terraces,1064,,39.71-106.71,,,JVC.xlsx,4,95,YES,76f159d9b9a3825b|85673bbb50fdc188
cluster_00049,SAME_UNIT_EXACT,JVC,36 1004,1975,,71.36-71.36,,,JVC.xlsx,2,95,YES,2aa8658038e7413e|d0f81e58af8ee2a3
cluster_00050,SAME_UNIT_EXACT,JVC,63 1008,1975,,71.63-71.63,,,JVC.xlsx,2,95,YES,096c8fbb9455f190
cluster_00051,SAME_UNIT_EXACT,JVC,63 1306,1973,,58.63-58.63,,,JVC.xlsx,2,95,YES,76f159d9b9a3825b|ec397b5a0ab77840
cluster_00052,SAME_UNIT_EXACT,JVC,7 PARK CENTRAL BY METEORA,1974,,70.42-70.61,,,JVC.xlsx,8,95,YES,1afcc0f7049763b2|76f159d9b9a3825b|c90ea825e40ae1f7
cluster_00053,SAME_UNIT_EXACT,JVC,72 1005,1973,,57.72-57.72,,,JVC.xlsx,2,95,YES,76f159d9b9a3825b
cluster_00054,SAME_UNIT_EXACT,JVC,Westwood Grande by Imtiaz,1950,,80.70-80.70,,,JVC.xlsx,2,95,YES,76f159d9b9a3825b|b072e7e3c522e2e8
cluster_00055,SAME_UNIT_EXACT,JVC,VITA GRANDE BY METEORA,1973,,57.60-72.32,,,JVC.xlsx,14,95,YES,0c97a90f8d865a4a|515cc2dfe52ac7dc|76f159d9b9a3825b|80305c5c16707dc1|c05671a30f7aabf2|f89dcb73b62feeb2
cluster_00056,SAME_UNIT_EXACT,JVC,12 1010,1327,,66.12-66.12,,,JVC.xlsx,2,95,YES,46f2740cc5f564ab
cluster_00057,SAME_UNIT_EXACT,JVC,6 1001,1975,,70.60-70.60,,,JVC.xlsx,2,95,YES,096c8fbb9455f190
cluster_00058,SAME_UNIT_EXACT,JVC,16 1002,1975,,57.16-57.16,,,JVC.xlsx,2,95,YES,096c8fbb9455f190|0e1b0c17f2d41203
cluster_00059,SAME_UNIT_EXACT,JVC,14 1303,1974,,58.14-58.14,,,JVC.xlsx,2,95,YES,165e6ba8a34a6ffb|4db57234e07fdc23
cluster_00060,SAME_UNIT_EXACT,JVC,Cubix Residences,68,,35.97-71.86,,,JVC.xlsx,12,95,YES,28e193476bc5c1af|76f159d9b9a3825b|7e8bc10090258e40|8ded3b60a45cbf3c|97c5c828c369c652|e4a299150947a4ff|e501195096e3980b|efcddcc4c64c1178
cluster_00061,SAME_UNIT_EXACT,JVC,Westwood Grande II By Imtiaz,1949,,42.05-85.89,,,JVC.xlsx,6,95,YES,76f159d9b9a3825b
cluster_00062,SAME_UNIT_EXACT,JVC,LOCI Residences,637,,47.97-47.97,,,JVC.xlsx,2,95,YES,12ef7d0ae16d9849|4d0ea8aa9cc8867e
cluster_00063,SAME_UNIT_EXACT,JVC,71 c706,313,,119.71-119.71,,,JVC.xlsx,2,95,YES,76f159d9b9a3825b
cluster_00064,SAME_UNIT_EXACT,JVC,16 1002,1974,,57.16-57.16,,,JVC.xlsx,2,95,YES,6bffc6a751f016e5|76f159d9b9a3825b
cluster_00065,SAME_UNIT_EXACT,JVC,Binghatti,925,,66.30-169.20,,,JVC.xlsx,50,95,YES,090305ecb1a3e886|0e47dcbc01bbe2a7|2eb3bf6ac71882e0|388beba22d759ba8|3cc0c3015a3469ec|4198ebdd2c1a9742|50b3fbdec7d20dd0|54a43b908e3025cd|5845446a4444d668|730f223925ec1c6f
cluster_00066,SAME_UNIT_EXACT,JVC,78 1208,1950,,38.78-38.78,,,JVC.xlsx,2,95,YES,76f159d9b9a3825b
cluster_00067,SAME_UNIT_EXACT,JVC,26 1408,925,,116.26-116.26,,,JVC.xlsx,2,95,YES,1865059ae80da1cc
cluster_00068,SAME_UNIT_EXACT,JVC,Rise Residences,1327,,37.14-63.84,,,JVC.xlsx,8,95,YES,1dfde36781c334ea|1e255d42ac4dc5b3|46f2740cc5f564ab|674354b36903fc63|76f159d9b9a3825b|8db331780e4eff33
cluster_00069,SAME_UNIT_EXACT,JVC,8 1107,1939,,57.80-57.80,,,JVC.xlsx,2,95,YES,76f159d9b9a3825b|d752efd5beebcd3b
cluster_00070,SAME_UNIT_EXACT,JVC,71 a513,313,,119.71-119.71,,,JVC.xlsx,2,95,YES,76f159d9b9a3825b
cluster_00071,SAME_UNIT_EXACT,JVC,75 retail,956,,79.75-79.75,,,JVC.xlsx,2,95,YES,2fb34a92dd3d33dd|31f8132fd1db16b3
cluster_00072,SAME_UNIT_EXACT,JVC,74 1107,800,,40.74-40.74,,,JVC.xlsx,2,95,YES,76f159d9b9a3825b|ebf338d9732eae79
cluster_00073,SAME_UNIT_EXACT,JVC,98 retail,956,,23.98-23.98,,,JVC.xlsx,2,95,YES,31f8132fd1db16b3
cluster_00074,SAME_UNIT_EXACT,JVC,58 1601,1351,,73.58-73.58,,,JVC.xlsx,2,95,YES,76f159d9b9a3825b
cluster_00075,SAME_UNIT_EXACT,JVC,STONEHENGE RESIDENCES 2,956,,69.15-69.15,,,JVC.xlsx,2,95,YES,192818edcd2381a3|31f8132fd1db16b3
cluster_00076,SAME_UNIT_EXACT,JVC,00 530000 may residence jvc10rmra800 1 may,1585,,70.91-70.91,,,JVC.xlsx,3,95,YES,76f159d9b9a3825b|8ac79c375fbebff2|d8eb5c6ece7624e9
cluster_00077,SAME_UNIT_EXACT,JVC,65 g08,1265,,95.65-95.65,,,JVC.xlsx,2,95,YES,6e4bde7dcb61ed99|c26bf5eb49218ff3
cluster_00078,SAME_UNIT_EXACT,JVC,00 570000 hyati residence jvc14lmrp200 1 hyati residences,627,,42.03-42.03,,,JVC.xlsx,3,95,YES,76f159d9b9a3825b|82bf2f9986eb282b
cluster_00079,SAME_UNIT_EXACT,JVC,6 2310,1334,,137.60-137.60,,,JVC.xlsx,3,95,YES,355e83ac664cbb30|76f159d9b9a3825b|9a35c3db4ad164d6
cluster_00080,SAME_UNIT_EXACT,JVC,2 1401,1139,,74.20-74.20,,,JVC.xlsx,3,95,YES,76f159d9b9a3825b|c82ae0c0408fa1af
cluster_00081,SAME_UNIT_EXACT,JVC,96 null 681 6518,681,,159.96-159.96,,,JVC.xlsx,3,95,YES,19f30d0bba4b3fcc|76f159d9b9a3825b
cluster_00082,SAME_UNIT_EXACT,JVC,00 525000,1088,,40.21-40.21,,,JVC.xlsx,2,95,YES,60b73441e2d34fa8|f318b3e4095a9b7a
cluster_00083,SAME_UNIT_EXACT,JVC,00 600000 may residence jvc10rmra800 1 may,1585,,86.14-86.14,,,JVC.xlsx,3,95,YES,76f159d9b9a3825b|d8eb5c6ece7624e9
cluster_00084,SAME_UNIT_EXACT,JVC,02 null 681 7183,681,,190.02-190.02,,,JVC.xlsx,6,95,YES,d96f44a641906f2c
cluster_00085,SAME_UNIT_EXACT,JVC,8 b 0707,762,,37.80-37.80,,,JVC.xlsx,5,95,YES,180bf1713ce12fff|76f159d9b9a3825b|a4c0b235dd7587fd
cluster_00086,SAME_UNIT_EXACT,JVC,61 1704,2004,,57.61-57.61,,,JVC.xlsx,3,95,YES,086523b663e702a2|b2999816fca538db
cluster_00087,SAME_UNIT_EXACT,JVC,00 660000 may residence jvc10rmra800 1 may,1585,,86.13-86.13,,,JVC.xlsx,3,95,YES,9c9af200944cb662|d8eb5c6ece7624e9
cluster_00088,SAME_UNIT_EXACT,JVC,32 1704,1139,,136.32-136.32,,,JVC.xlsx,6,95,YES,0bfa6e345c2dfaca|6c08e8d8447d37a2|76f159d9b9a3825b|ef472f0464b5557b
cluster_00089,SAME_UNIT_EXACT,JVC,91 s,595,,37.91-37.91,,,JVC.xlsx,6,95,YES,76f159d9b9a3825b|e91394cfe7a474a7|e9d4f634b9a5bd07
cluster_00090,SAME_UNIT_EXACT,JVC,37 a411,155,,122.37-122.37,,,JVC.xlsx,7,95,YES,4d59ec8affd61df5|662950858732807c|cf5e54073238d444
cluster_00091,SAME_UNIT_EXACT,JVC,56 a402,57,,75.56-75.56,,,JVC.xlsx,9,95,YES,2a87298dac2f264e|2add087e22a99764|76a5ecd73514d7b6|76f159d9b9a3825b|807b15c043798590
cluster_00092,SAME_UNIT_EXACT,JVC,Binghatti,2004,,125.11-125.11,,,JVC.xlsx,6,95,YES,4d794acdfb83ada0|76f159d9b9a3825b|bc1aada6c13aabec|d65fa5932b714cef
cluster_00093,SAME_UNIT_EXACT,JVC,OXFORD BOULEVARD,142,,71.91-71.91,,,JVC.xlsx,3,95,YES,e7041e61205936c8|eb38a3300807f371
cluster_00094,SAME_UNIT_EXACT,JVC,23 null 681 7133,681,,190.23-190.23,,,JVC.xlsx,5,95,YES,d4634c74f0560b8d
cluster_00095,SAME_UNIT_EXACT,JVC,00 595000 maimoon gardens jvc11ohra100 1 maimoon gardens,1075,,36.22-36.22,,,JVC.xlsx,3,95,YES,76f159d9b9a3825b
cluster_00096,SAME_UNIT_EXACT,JVC,24 1104,800,,72.24-72.24,,,JVC.xlsx,2,95,YES,76f159d9b9a3825b|8e09a37ea8f45701
cluster_00097,SAME_UNIT_EXACT,JVC,82 4007,435,,69.82-69.82,,,JVC.xlsx,2,95,YES,65e0cc52eb1af75c|76f159d9b9a3825b
cluster_00098,SAME_UNIT_EXACT,JVC,Manhattan 1 by SD,1174,,37.01-46.68,,,JVC.xlsx,6,95,YES,76f159d9b9a3825b
cluster_00099,SAME_UNIT_EXACT,JVC,4 1004,1974,,71.40-71.40,,,JVC.xlsx,2,95,YES,e190fb41b8138d8a|fd20c68754ffb487
cluster_00100,SAME_UNIT_EXACT,JVC,00 734000 cello residences jvc18tcp014a 1 cello residences,1081,,59.13-59.13,,,JVC.xlsx,2,95,YES,41f4a175cc607eb5|76f159d9b9a3825b
cluster_00101,SAME_UNIT_EXACT,JVC,63 1003,1973,,58.63-58.63,,,JVC.xlsx,2,95,YES,1308f125023b9fbf|db3df8a3a31e2200
cluster_00102,SAME_UNIT_EXACT,JVC,Samana Waves 2,1110,,40.64-40.64,,,JVC.xlsx,2,95,YES,3e8daa68e6a974b5
cluster_00103,SAME_UNIT_EXACT,JVC,08 g,1064,,44.08-44.08,,,JVC.xlsx,2,95,YES,72635e3f7e3fb219|8ff09d6fcf0d7771
cluster_00104,SAME_UNIT_EXACT,JVC,00 734506 orchard place jvc12xhrg001b 001c 1 orchard place,2010,,49.18-49.18,,,JVC.xlsx,2,95,YES,76f159d9b9a3825b|b3129cd9d557f9ac
cluster_00105,SAME_UNIT_EXACT,JVC,00 1002000 cello residences jvc18tcp014a 1 cello residences,1081,,74.71-74.71,,,JVC.xlsx,2,95,YES,19db8cc40562be9c|76f159d9b9a3825b
cluster_00106,SAME_UNIT_EXACT,JVC,00 923218 orchard place jvc12xhrg001b 001c 1 orchard place,2010,,67.26-67.26,,,JVC.xlsx,2,95,YES,76f159d9b9a3825b|b3a9b8887452baa7
cluster_00107,SAME_UNIT_EXACT,JVC,00 1024000 orchard place jvc12xhrg001b 001c 1 orchard place,2010,,73.02-73.02,,,JVC.xlsx,2,95,YES,76f159d9b9a3825b|eeec502bec19b748
cluster_00108,SAME_UNIT_EXACT,JVC,00 730000 cello residences jvc18tcp014a 1 cello residences,1081,,59.13-59.13,,,JVC.xlsx,2,95,YES,41f4a175cc607eb5|76f159d9b9a3825b
cluster_00109,SAME_UNIT_EXACT,JVC,74 3204,1189,,119.74-119.74,,,JVC.xlsx,2,95,YES,76f159d9b9a3825b|f243ab0ebae335b2
cluster_00110,SAME_UNIT_EXACT,JVC,08 c 2209,762,,70.08-70.08,,,JVC.xlsx,3,95,YES,3d02460730b97d65|76f159d9b9a3825b
cluster_00111,SAME_UNIT_EXACT,JVC,TUSCAN RESIDENCES1 SIENA,277,,51.10-51.10,,,JVC.xlsx,3,95,YES,1240c1db024e37fb|69ac71aefd4e5250|76f159d9b9a3825b
cluster_00112,SAME_UNIT_EXACT,JVC,65 c306,155,,37.65-37.65,,,JVC.xlsx,2,95,YES,c480b6886d6388ab
cluster_00113,SAME_UNIT_EXACT,JVC,72 c605,155,,37.72-37.72,,,JVC.xlsx,2,95,YES,76f159d9b9a3825b|c480b6886d6388ab
cluster_00114,SAME_UNIT_EXACT,JVC,Marwa Heights,947,,104.21-104.21,,,JVC.xlsx,2,95,YES,33c7d619ee60ac10
cluster_00115,SAME_UNIT_EXACT,JVC,89 223c,1221,,67.89-67.89,,,JVC.xlsx,3,95,YES,4dc4de8055bdffea|76f159d9b9a3825b|ea83a32844756dec
cluster_00116,SAME_UNIT_EXACT,JVC,34 108a,1293,,72.34-72.34,,,JVC.xlsx,3,95,YES,4fc0fa8251dcf2c1|65cad9e43eaf26f0|76f159d9b9a3825b
cluster_00117,SAME_UNIT_EXACT,JVC,47 5015,318,,76.47-76.47,,,JVC.xlsx,4,95,YES,278450222c93bd02
cluster_00118,SAME_UNIT_EXACT,JVC,31 1403,1139,,61.31-61.31,,,JVC.xlsx,3,95,YES,76f159d9b9a3825b|8da41c3df1721477
cluster_00119,SAME_UNIT_EXACT,JVC,73 1210,1139,,73.73-73.73,,,JVC.xlsx,3,95,YES,76f159d9b9a3825b
cluster_00120,SAME_UNIT_EXACT,JVC,74 1009,1139,,83.74-83.74,,,JVC.xlsx,3,95,YES,401b67dc5256789b|f84ae10922686667
cluster_00121,SAME_UNIT_EXACT,JVC,03 1304,1139,,58.03-58.03,,,JVC.xlsx,3,95,YES,0bfa6e345c2dfaca|76f159d9b9a3825b
cluster_00122,SAME_UNIT_EXACT,JVC,7 1005,2004,,58.70-58.70,,,JVC.xlsx,3,95,YES,b1a14b5b2ff495fd
cluster_00123,SAME_UNIT_EXACT,JVC,15 2805,2004,,59.15-59.15,,,JVC.xlsx,3,95,YES,e9999b62908f40be
cluster_00124,SAME_UNIT_EXACT,JVC,93 1203,421,,75.93-75.93,,,JVC.xlsx,3,95,YES,1546e7b145a4c92b|fe87efd289896b4c
cluster_00125,SAME_UNIT_EXACT,JVC,52 g17,548,,131.52-131.52,,,JVC.xlsx,3,95,YES,22f6a434decdcb6e|fd29c74e31270363
cluster_00126,SAME_UNIT_EXACT,JVC,01 b,251,,81.01-81.01,,,JVC.xlsx,3,95,YES,6161181b6364bb6b|ee88713b92315ed5
cluster_00127,SAME_UNIT_EXACT,JVC,44 p06,1070,,72.44-72.44,,,JVC.xlsx,5,95,YES,3b32da5dfb982671|4eef1e5600c47bb0|646a53ae07d80259
cluster_00128,SAME_UNIT_EXACT,JVC,25 1604,421,,82.25-82.25,,,JVC.xlsx,6,95,YES,15777d6c9d5b2324|76f159d9b9a3825b|ab8d84ffa6e2590f|ce48707e5031adfb
cluster_00129,SAME_UNIT_EXACT,JVC,39 d210,155,,88.39-88.39,,,JVC.xlsx,6,95,YES,1cc4e81e02972003|76f159d9b9a3825b|c0f5beb3f3ea3564
cluster_00130,SAME_UNIT_EXACT,JVC,65 1009,2022,,67.65-67.65,,,JVC.xlsx,8,95,YES,0b3c6ac2543d2adf|15653aaee665990f|76f159d9b9a3825b|999a24e6400879bc|c02c77ac786de400|e8002840f97454bb
cluster_00131,SAME_UNIT_EXACT,JVC,1 1203,2022,,56.10-56.10,,,JVC.xlsx,8,95,YES,0b3c6ac2543d2adf|15653aaee665990f|2fb8db9ff4acd495|76f159d9b9a3825b|8baebe851e86eb6a|999a24e6400879bc
cluster_00132,SAME_UNIT_EXACT,JVC,97 1607,2022,,96.97-96.97,,,JVC.xlsx,8,95,YES,0b3c6ac2543d2adf|15653aaee665990f|1d3b30f9c1cf9986|5a9787189f5d1a13|5af6248ea1e14bab|76f159d9b9a3825b|a15d86d8d194fb5c
cluster_00133,SAME_UNIT_EXACT,JVC,1 1108,2022,,55.10-55.10,,,JVC.xlsx,8,95,YES,0b3c6ac2543d2adf|15653aaee665990f|1d3b30f9c1cf9986|76f159d9b9a3825b|e34c24a169d29162
cluster_00134,SAME_UNIT_EXACT,JVC,45 b 3204,762,,35.45-35.45,,,JVC.xlsx,3,95,YES,2edeb6e96ae1fec2|f49f13aff70e2f75
cluster_00135,SAME_UNIT_EXACT,JVC,81 b 3205,762,,36.81-36.81,,,JVC.xlsx,3,95,YES,2edeb6e96ae1fec2
cluster_00136,SAME_UNIT_EXACT,JVC,jvc10rhra200 1 bloom towers b 35 b 3206,762,,35.00-35.00,,,JVC.xlsx,3,95,YES,2edeb6e96ae1fec2|3cbe562ffbb81c07
cluster_00137,SAME_UNIT_EXACT,JVC,63 b 3207,762,,37.63-37.63,,,JVC.xlsx,3,95,YES,2edeb6e96ae1fec2|3c5adb85a3834f32
cluster_00138,SAME_UNIT_EXACT,JVC,74 b 3208,762,,36.74-36.74,,,JVC.xlsx,3,95,YES,2edeb6e96ae1fec2
cluster_00139,SAME_UNIT_EXACT,JVC,9 b 3211,762,,32.90-32.90,,,JVC.xlsx,3,95,YES,2edeb6e96ae1fec2
cluster_00140,SAME_UNIT_EXACT,JVC,81 b 3301,762,,63.81-63.81,,,JVC.xlsx,3,95,YES,2edeb6e96ae1fec2
cluster_00141,SAME_UNIT_EXACT,JVC,49 b 3302,762,,62.49-62.49,,,JVC.xlsx,3,95,YES,2edeb6e96ae1fec2|361c1c030bb5f09a
cluster_00142,SAME_UNIT_EXACT,JVC,81 b 3305,762,,36.81-36.81,,,JVC.xlsx,3,95,YES,2edeb6e96ae1fec2
cluster_00143,SAME_UNIT_EXACT,JVC,9 b 3311,762,,32.90-32.90,,,JVC.xlsx,3,95,YES,2edeb6e96ae1fec2
cluster_00144,SAME_UNIT_EXACT,JVC,63 b 3307,762,,37.63-37.63,,,JVC.xlsx,3,95,YES,2edeb6e96ae1fec2|3c5adb85a3834f32
cluster_00145,SAME_UNIT_EXACT,JVC,00 1000000 oakley square residences jvc11cmrp100 1 oakley square residences,100,,74.54-74.54,,,JVC.xlsx,4,95,YES,3113dc930468b6b9|46f15f5a6b269f95|76f159d9b9a3825b
cluster_00146,SAME_UNIT_EXACT,JVC,AVANOS,604,,80.61-80.61,,,JVC.xlsx,2,95,YES,46f2740cc5f564ab|5ca46b10c43f33ef
cluster_00147,SAME_UNIT_EXACT,JVC,00 691932 luma22 jvc10jmrp200 1 luma22 west,609,,43.89-43.89,,,JVC.xlsx,2,95,NO,
cluster_00148,SAME_UNIT_EXACT,JVC,14 2102,925,,70.14-70.14,,,JVC.xlsx,2,95,YES,50b3fbdec7d20dd0|76f159d9b9a3825b
cluster_00149,SAME_UNIT_EXACT,JVC,86 retail,341,,342.86-342.86,,,JVC.xlsx,2,95,YES,76f159d9b9a3825b|bac706596e97cbe4
cluster_00150,SAME_UNIT_EXACT,JVC,Binghatti,131,,36.02-36.48,,,JVC.xlsx,6,95,YES,03cd08b23d8148ed|37cbd200a59621b9|3d8971a57d59d992|76f159d9b9a3825b|9202952ff6038cd0
cluster_00151,SAME_UNIT_EXACT,JVC,08 retail,341,,41.08-41.08,,,JVC.xlsx,2,95,YES,56b8b5cc41daf64a|76f159d9b9a3825b
cluster_00152,SAME_UNIT_EXACT,JVC,24 1302,925,,70.24-70.24,,,JVC.xlsx,2,95,YES,50b3fbdec7d20dd0|76f159d9b9a3825b
cluster_00153,SAME_UNIT_EXACT,JVC,15 2107,925,,42.15-42.15,,,JVC.xlsx,2,95,YES,388beba22d759ba8|76f159d9b9a3825b
cluster_00154,SAME_UNIT_EXACT,JVC,09 null 681 6716,681,,167.09-167.09,,,JVC.xlsx,2,95,YES,200f9261b8aee930
cluster_00155,SAME_UNIT_EXACT,JVC,12 2104,925,,66.12-66.12,,,JVC.xlsx,2,95,YES,76f159d9b9a3825b|78c328b7bd5d44ac
cluster_00156,SAME_UNIT_EXACT,JVC,41 1405,925,,110.41-110.41,,,JVC.xlsx,2,95,YES,bf8344573a51f14e
cluster_00157,SAME_UNIT_EXACT,JVC,08 1108,1327,,63.08-63.08,,,JVC.xlsx,2,95,YES,76f159d9b9a3825b
cluster_00158,SAME_UNIT_EXACT,JVC,12 1804,925,,66.12-66.12,,,JVC.xlsx,2,95,YES,78c328b7bd5d44ac|85f5f60637194554
cluster_00159,SAME_UNIT_EXACT,JVC,48 retail,341,,38.48-38.48,,,JVC.xlsx,2,95,YES,24888d3925c14a4e|76f159d9b9a3825b
cluster_00160,SAME_UNIT_EXACT,JVC,Binghatti,1313,,73.52-73.52,,,JVC.xlsx,2,95,YES,3d30cb1cbef8ee42|5acf3d91e8dd4760
cluster_00161,SAME_UNIT_EXACT,JVC,00 810750 orchard place jvc12xhrg001b 001c 1 orchard place,2010,,63.59-63.59,,,JVC.xlsx,2,95,YES,76f159d9b9a3825b|f042ec641c7ada3d
cluster_00162,SAME_UNIT_EXACT,JVC,65 1806,925,,110.65-110.65,,,JVC.xlsx,2,95,YES,76f159d9b9a3825b|9a606679061bbe4f
cluster_00163,SAME_UNIT_EXACT,JVC,57 1509,925,,74.57-74.57,,,JVC.xlsx,2,95,YES,76f159d9b9a3825b|a8b3072ee6a2c91b
cluster_00164,SAME_UNIT_EXACT,JVC,35 1201,925,,112.35-112.35,,,JVC.xlsx,2,95,YES,76f159d9b9a3825b
cluster_00165,SAME_UNIT_EXACT,JVC,92 1006,925,,110.92-110.92,,,JVC.xlsx,2,95,YES,76f159d9b9a3825b|9a606679061bbe4f
cluster_00166,SAME_UNIT_EXACT,JVC,19 1214,925,,72.19-72.19,,,JVC.xlsx,2,95,YES,0e47dcbc01bbe2a7|76f159d9b9a3825b
cluster_00167,SAME_UNIT_EXACT,JVC,Manhattan 2 by SD,1128,,73.83-79.83,,,JVC.xlsx,4,95,YES,1c871878e05b7161|76f159d9b9a3825b|7887956464b77d33
cluster_00168,SAME_UNIT_EXACT,JVC,92 1606,925,,110.92-110.92,,,JVC.xlsx,2,95,YES,76f159d9b9a3825b|9a606679061bbe4f
cluster_00169,SAME_UNIT_EXACT,JVC,68 1009,1327,,65.68-65.68,,,JVC.xlsx,2,95,YES,ab961e7f938508ca|e19eb994a4d020b6
cluster_00170,SAME_UNIT_EXACT,JVC,13 retail,341,,66.13-66.13,,,JVC.xlsx,2,95,YES,76f159d9b9a3825b
cluster_00171,SAME_UNIT_EXACT,JVC,STONEHENGE RESIDENCES,284,,41.92-41.92,,,JVC.xlsx,2,95,YES,80f4400c2c85fd63
cluster_00172,SAME_UNIT_EXACT,JVC,57 1309,925,,74.57-74.57,,,JVC.xlsx,2,95,YES,76f159d9b9a3825b|a8b3072ee6a2c91b
cluster_00173,SAME_UNIT_EXACT,JVC,15 2007,925,,42.15-42.15,,,JVC.xlsx,2,95,YES,388beba22d759ba8|b3c3c016822e2eef
cluster_00174,SAME_UNIT_EXACT,JVC,57 1009,925,,74.57-74.57,,,JVC.xlsx,2,95,YES,76f159d9b9a3825b|a8b3072ee6a2c91b
cluster_00175,SAME_UNIT_EXACT,JVC,56 1017,925,,119.56-119.56,,,JVC.xlsx,2,95,YES,3cc0c3015a3469ec|cf94fccd65c984e4
cluster_00176,SAME_UNIT_EXACT,JVC,61 1101,341,,37.61-37.61,,,JVC.xlsx,2,95,YES,7d7e9c45b91dc47a
cluster_00177,SAME_UNIT_EXACT,JVC,57 1109,925,,74.57-74.57,,,JVC.xlsx,2,95,YES,a8b3072ee6a2c91b|aa3ce97a5bbb844b
cluster_00178,SAME_UNIT_EXACT,JVC,15 1003,341,,73.15-73.15,,,JVC.xlsx,2,95,YES,11827aafacc30f6d|f5003d9cc2a5e5db
cluster_00179,SAME_UNIT_EXACT,JVC,24 1402,925,,70.24-70.24,,,JVC.xlsx,2,95,YES,50b3fbdec7d20dd0|76f159d9b9a3825b
cluster_00180,SAME_UNIT_EXACT,JVC,28 1105,925,,168.28-168.28,,,JVC.xlsx,2,95,YES,9676b081f24fb481
cluster_00181,SAME_UNIT_EXACT,JVC,65 2006,925,,110.65-110.65,,,JVC.xlsx,2,95,YES,0497b41b3012c483|9a606679061bbe4f
cluster_00182,SAME_UNIT_EXACT,JVC,FORTUNATO,1068,,105.05-105.05,,,JVC.xlsx,2,95,YES,03362300a92707ed|4bc63141cca40783
cluster_00183,SAME_UNIT_EXACT,JVC,98 null 681 7101,681,,155.98-155.98,,,JVC.xlsx,2,95,YES,85d8f034c6c888f3|9814e124b05885b1
cluster_00184,SAME_UNIT_EXACT,JVC,73 2603,161,,41.73-41.73,,,JVC.xlsx,3,95,YES,0fe6b74262eea0d0|76f159d9b9a3825b|d889d31f8db00524
cluster_00185,SAME_UNIT_EXACT,JVC,89 hsc,522,,38.89-38.89,,,JVC.xlsx,3,95,YES,01ac6ed4b95cf3d2|9b3e669e571dd1dd
cluster_00186,SAME_UNIT_EXACT,JVC,39 0503,762,,101.39-101.39,,,JVC.xlsx,2,95,YES,5b78354e51995dce|a61b34963db50d7b
cluster_00187,SAME_UNIT_EXACT,JVC,71 g03,1266,,34.71-34.71,,,JVC.xlsx,2,95,YES,5ff04adf5d1d614a|76f159d9b9a3825b
cluster_00188,SAME_UNIT_EXACT,JVC,EATON PLACE,1028,,73.37-73.37,,,JVC.xlsx,2,95,YES,07aad6b943434058|138fca7d55cc7077
cluster_00189,SAME_UNIT_EXACT,JVC,81 3107,1084,,37.81-37.81,,,JVC.xlsx,2,95,YES,26c8d68c4a04602e|9ed85249a2c86c5b
cluster_00190,SAME_UNIT_EXACT,JVC,14 null 681 6749,681,,179.14-179.14,,,JVC.xlsx,3,95,YES,2e83ecccb37476b1|76f159d9b9a3825b|c1819b86f7ba20b1
cluster_00191,SAME_UNIT_EXACT,JVC,66 g15,953,,74.66-74.66,,,JVC.xlsx,2,95,YES,a36d5cf0325e3b18|b7f1a20841cb6579
cluster_00192,SAME_UNIT_EXACT,JVC,Binghatti,421,,57.49-57.49,,,JVC.xlsx,3,95,YES,d93e6349a2382ec9
cluster_00193,SAME_UNIT_EXACT,JVC,12 2303,2004,,60.12-60.12,,,JVC.xlsx,3,95,YES,1eca9d2ab13854d1|ddfaf0e575fff801
cluster_00194,SAME_UNIT_EXACT,JVC,00 825957 hameni jvc15shrg001 1 hameni,1248,,87.50-87.50,,,JVC.xlsx,3,95,YES,bf647de9bf8b4186
cluster_00195,SAME_UNIT_EXACT,JVC,CHAIMAA PREMIERE,1038,,64.08-64.08,,,JVC.xlsx,5,95,YES,3305306fa019795a|76f159d9b9a3825b|c000168e5dea73ed
cluster_00196,SAME_UNIT_EXACT,JVC,57 c 1004,762,,36.57-36.57,,,JVC.xlsx,3,95,YES,c11860c42018f488|f49f13aff70e2f75
cluster_00197,SAME_UNIT_EXACT,JVC,68 1604,1139,,146.68-146.68,,,JVC.xlsx,3,95,YES,0bfa6e345c2dfaca|1559602f6ee7bfce
cluster_00198,SAME_UNIT_EXACT,JVC,76 1801,1183,,58.76-58.76,,,JVC.xlsx,6,95,YES,3bba85128453dd4f|67ed7c47e178e756|76f159d9b9a3825b
cluster_00199,SAME_UNIT_EXACT,JVC,Binghatti,1183,,113.09-113.09,,,JVC.xlsx,5,95,YES,0cbd394a272a62ff|c740279861dff930|f365f67e890145a4
cluster_00200,SAME_UNIT_EXACT,JVC,57 null 681 6408,681,,138.57-138.57,,,JVC.xlsx,3,95,YES,7f827e60557f04e2
cluster_00201,SAME_UNIT_EXACT,JVC,00 660000 park view,388,,84.74-84.74,,,JVC.xlsx,3,95,YES,78405b349954039e
cluster_00202,SAME_UNIT_EXACT,JVC,1 1003,2022,,56.10-56.10,,,JVC.xlsx,8,95,YES,0b3c6ac2543d2adf|130c31da06d5970f|15653aaee665990f|488bc56d72d7473a|76f159d9b9a3825b|8baebe851e86eb6a
cluster_00203,SAME_UNIT_EXACT,JVC,46 null 681 6238,681,,169.46-169.46,,,JVC.xlsx,7,95,YES,2d43cda334903556|37cd92129f02a758|76f159d9b9a3825b|c1819b86f7ba20b1
cluster_00204,SAME_UNIT_EXACT,JVC,Elysee III by Pantheon,1173,,72.98-77.80,,,JVC.xlsx,5,95,YES,76f159d9b9a3825b
cluster_00205,SAME_UNIT_EXACT,JVC,Binghatti,844,,91.39-91.39,,,JVC.xlsx,3,95,YES,76f159d9b9a3825b|c46463f0b81d4818|c6a3fe569a32c99d
cluster_00206,SAME_UNIT_EXACT,JVC,00 649439 luma22 jvc10jmrp200 1 luma22 west,609,,41.21-41.21,,,JVC.xlsx,2,95,YES,6313d268d063b16b
cluster_00207,SAME_UNIT_EXACT,JVC,7 2806,25,,47.70-47.70,,,JVC.xlsx,2,95,YES,76f159d9b9a3825b|ecbc521bd9e088b7
cluster_00208,SAME_UNIT_EXACT,JVC,56 2106,925,,171.56-171.56,,,JVC.xlsx,2,95,YES,9a606679061bbe4f|f31255849210b262
cluster_00209,SAME_UNIT_EXACT,JVC,Binghatti,835,,74.07-82.50,,,JVC.xlsx,4,95,YES,76f159d9b9a3825b|c33b20893ba244b8|cdfb25c0b669accc|d9b5735d971b4469
cluster_00210,SAME_UNIT_EXACT,JVC,19 1014,925,,72.19-72.19,,,JVC.xlsx,2,95,YES,0e47dcbc01bbe2a7|76f159d9b9a3825b
cluster_00211,SAME_UNIT_EXACT,JVC,79 1707,25,,56.79-56.79,,,JVC.xlsx,2,95,YES,76f159d9b9a3825b|9ece4f5decb02c5d
cluster_00212,SAME_UNIT_EXACT,JVC,Binghatti,25,,56.71-56.71,,,JVC.xlsx,2,95,YES,3b85511d7b26f66e|ed6299d370bf2e4d
cluster_00213,SAME_UNIT_EXACT,JVC,65 1603,925,,68.65-68.65,,,JVC.xlsx,2,95,YES,2eb3bf6ac71882e0|76f159d9b9a3825b
cluster_00214,SAME_UNIT_EXACT,JVC,94 2505,25,,56.94-56.94,,,JVC.xlsx,2,95,YES,76f159d9b9a3825b
cluster_00215,SAME_UNIT_EXACT,JVC,45 shop,925,,100.45-100.45,,,JVC.xlsx,2,95,YES,2d6912ac967e9af7|cec8fae23e23447f
cluster_00216,SAME_UNIT_EXACT,JVC,51 1001,835,,34.51-34.51,,,JVC.xlsx,2,95,YES,c33b20893ba244b8
cluster_00217,SAME_UNIT_EXACT,JVC,84 3007,25,,45.84-45.84,,,JVC.xlsx,2,95,YES,76f159d9b9a3825b|9ece4f5decb02c5d
cluster_00218,SAME_UNIT_EXACT,JVC,49 2203,25,,57.49-57.49,,,JVC.xlsx,2,95,YES,350857c10a7837d7|50c4f7c43874bd33
cluster_00219,SAME_UNIT_EXACT,JVC,28 2105,925,,168.28-168.28,,,JVC.xlsx,2,95,YES,41b4c9ea74c89388
cluster_00220,SAME_UNIT_EXACT,JVC,51 1406,25,,47.51-47.51,,,JVC.xlsx,2,95,YES,76f159d9b9a3825b|ecbc521bd9e088b7
cluster_00221,SAME_UNIT_EXACT,JVC,33 shop,925,,103.33-103.33,,,JVC.xlsx,2,95,YES,cec8fae23e23447f
cluster_00222,SAME_UNIT_EXACT,JVC,51 2001,25,,47.51-47.51,,,JVC.xlsx,2,95,YES,76f159d9b9a3825b
cluster_00223,SAME_UNIT_EXACT,JVC,NORTH FORTY THREE SERVICED RESIDENCES,952,,125.92-125.92,,,JVC.xlsx,2,95,YES,169c1d6be48e06e7
cluster_00224,SAME_UNIT_EXACT,JVC,94 shop,925,,102.94-102.94,,,JVC.xlsx,2,95,YES,9cf6c48ba8ba9fab|cec8fae23e23447f
cluster_00225,SAME_UNIT_EXACT,JVC,51 1206,25,,47.51-47.51,,,JVC.xlsx,2,95,YES,76f159d9b9a3825b|ecbc521bd9e088b7
cluster_00226,SAME_UNIT_EXACT,JVC,Laya Mansion,1252,,137.76-137.76,,,JVC.xlsx,2,95,YES,516353e8dd60727f
cluster_00227,SAME_UNIT_EXACT,JVC,03 g04,708,,117.03-117.03,,,JVC.xlsx,3,95,YES,09529015d4a3a7c8|76f159d9b9a3825b|905f0e4a238f8a91
cluster_00228,SAME_UNIT_EXACT,JVC,DEZIRE RESIDENCES,1963,,35.69-35.69,,,JVC.xlsx,2,95,NO,
cluster_00229,SAME_UNIT_EXACT,JVC,95 1002,1139,,83.95-83.95,,,JVC.xlsx,3,95,YES,76f159d9b9a3825b|c5a5da3486fafd98|e76164d154c1ba60
cluster_00230,SAME_UNIT_EXACT,JVC,34 b217,795,,72.34-72.34,,,JVC.xlsx,3,95,YES,76f159d9b9a3825b|8ed1f2984391ae39
cluster_00231,SAME_UNIT_EXACT,JVC,00 610000 may residence jvc10rmra800 1 may,1585,,83.54-83.89,,,JVC.xlsx,6,95,YES,31ea73218aee0bcf|6503485faed6b8a3|76f159d9b9a3825b|d532123fb8380935
cluster_00232,SAME_UNIT_EXACT,JVC,83 301b,1293,,61.83-61.83,,,JVC.xlsx,3,95,YES,193b0da3b9a8b6ac|76f159d9b9a3825b|e48b1b9ca60d1e3f
cluster_00233,SAME_UNIT_EXACT,JVC,78 hss,522,,36.78-36.78,,,JVC.xlsx,3,95,YES,5000cb107149de89|76f159d9b9a3825b|96954eeda76d37c5
cluster_00234,SAME_UNIT_EXACT,JVC,EMIRATES GARDEN I GARDENIA,346,,92.53-92.53,,,JVC.xlsx,3,95,YES,72ba88f0a8f3632f|76f159d9b9a3825b|8d93d2e73bb9b725
cluster_00235,SAME_UNIT_EXACT,JVC,72 3606,870,,45.72-45.72,,,JVC.xlsx,3,95,YES,0b209565ce9dc2b4|551d4dbcffab3187|76f159d9b9a3825b
cluster_00236,SAME_UNIT_EXACT,JVC,56 1604,2022,,57.56-57.56,,,JVC.xlsx,5,95,YES,0b3c6ac2543d2adf|130c31da06d5970f|15653aaee665990f|4317b0b5186daa6b|76f159d9b9a3825b
cluster_00237,SAME_UNIT_EXACT,JVC,58 a217,846,,63.58-63.58,,,JVC.xlsx,3,95,YES,31aed826c0153cf4|76f159d9b9a3825b|c22f5d81903c0fe8
cluster_00238,SAME_UNIT_EXACT,JVC,Binghatti,1290,,67.46-67.46,,,JVC.xlsx,3,95,YES,2770245dfe59ffde|76f159d9b9a3825b|ff2e20419c2ce36e
cluster_00239,SAME_UNIT_EXACT,JVC,Binghatti,2069,,97.20-97.20,,,JVC.xlsx,3,95,YES,76f159d9b9a3825b|e63fdeef2ebaa7a5
cluster_00240,SAME_UNIT_EXACT,JVC,00 930000 park view,388,,84.74-84.74,,,JVC.xlsx,3,95,YES,1e97dc9b257a8cbc|76f159d9b9a3825b|a120d9707fcbbb7b
cluster_00241,SAME_UNIT_EXACT,JVC,89 220b,1221,,67.89-67.89,,,JVC.xlsx,2,95,YES,34113ac260f332d4|d4bf843a9b339c3b
cluster_00242,SAME_UNIT_EXACT,JVC,GHALIA,1084,,77.22-77.22,,,JVC.xlsx,2,95,YES,3147088ed7701caf|6df1be5958ad9557
cluster_00243,SAME_UNIT_EXACT,JVC,39 1605,762,,151.39-151.39,,,JVC.xlsx,2,95,YES,40fd6b3e5bed4d31
cluster_00244,SAME_UNIT_EXACT,JVC,3 b 0703,762,,68.30-68.30,,,JVC.xlsx,2,95,YES,99c877973a491bf0
cluster_00245,SAME_UNIT_EXACT,Abu Dhabi,t 6687 chun wo,1901,,,,,0536e3d5-716d-4d39-b5d6-d18a96251d8f.xlsx,1,95,YES,afd8e2b88c55a20a
cluster_00246,SAME_UNIT_EXACT,Ras Al Khaimah,t 4789 hoda taysir barakat apartment 3908 gate,3908,,,,,0c50f97c-2290-4281-8175-f138dbed5d41.xlsx,1,95,YES,b3698cfa6eaeaf53
cluster_00247,SAME_UNIT_EXACT,Ras Al Khaimah,t 4791 saeed mohamed ali mubarak apartment 6106 gate,6106,,,,,0c50f97c-2290-4281-8175-f138dbed5d41.xlsx,1,95,YES,efbb7a2ada7d52e4
cluster_00248,SAME_UNIT_EXACT,Abu Dhabi,t 10749 education council adec apartment 701 sun,701,,,,,6216ff69-24c9-42e5-8b44-76ae76db6894.xlsx,1,95,YES,e60c9ea15061384c
cluster_00249,SAME_UNIT_EXACT,Abu Dhabi,t 10781 cgg veritas services sa organization apartment 1813a sun,1813A,,,,,6216ff69-24c9-42e5-8b44-76ae76db6894.xlsx,1,95,YES,1223f4725d3ea70e
cluster_00250,SAME_UNIT_EXACT,Ras Al Khaimah,t 10857 shahzad hassan orakzai apartment 213 sun,213,,,,,6216ff69-24c9-42e5-8b44-76ae76db6894.xlsx,1,95,YES,968a23fdbfe9d261
cluster_00251,SAME_UNIT_EXACT,Ras Al Khaimah,t 10894 hamed mazin abdulla mubarak alalawi apartment 2701 sun,2701,,,,,6216ff69-24c9-42e5-8b44-76ae76db6894.xlsx,1,95,YES,229e14de20f8681e
cluster_00252,SAME_UNIT_EXACT,Ras Al Khaimah,t 10990 louis kuriakose arakkathazham apartment 712a sun,712A,,,,,6216ff69-24c9-42e5-8b44-76ae76db6894.xlsx,1,95,YES,2b154e069a5cb6ca
cluster_00253,SAME_UNIT_EXACT,Ras Al Khaimah,t 10992 mohammed rakan apartment 1611 sun,1611,,,,,6216ff69-24c9-42e5-8b44-76ae76db6894.xlsx,1,95,YES,532be56edc9b4d62
cluster_00254,SAME_UNIT_EXACT,Ras Al Khaimah,t 11009 rakan mohamad al saadi apartment 4302 sun,4302,,,,,6216ff69-24c9-42e5-8b44-76ae76db6894.xlsx,1,95,YES,c3ba5d42bb23c456
cluster_00255,SAME_UNIT_EXACT,Abu Dhabi,apartment 5505b sun,5505B,,,,,6216ff69-24c9-42e5-8b44-76ae76db6894.xlsx,1,95,NO,
cluster_00256,SAME_UNIT_EXACT,Abu Dhabi,t 11200 distribution company ltd apartment 2009 sun,2009,,,,,6216ff69-24c9-42e5-8b44-76ae76db6894.xlsx,1,95,YES,fbee4c3af6ad5409
cluster_00257,SAME_UNIT_EXACT,Abu Dhabi,t 11217 national oil company adnoc apartment 5606 sun,5606,,,,,6216ff69-24c9-42e5-8b44-76ae76db6894.xlsx,1,95,YES,8648531b83fa5d52
cluster_00258,SAME_UNIT_EXACT,Abu Dhabi,q salem mohammed almansoori apartment 5101 sun,5101,,,,,6216ff69-24c9-42e5-8b44-76ae76db6894.xlsx,1,95,YES,55af14c9b8a61eb1
cluster_00259,SAME_UNIT_EXACT,Abu Dhabi,apartment 3205b sun,3205B,,,,,6216ff69-24c9-42e5-8b44-76ae76db6894.xlsx,1,95,YES,50a5e56178a52d73
cluster_00260,SAME_UNIT_EXACT,Ras Al Khaimah,t 5163 habeeb mohamed mubarak hussain apartment 5410 sky,5410,,,,,90fdd2ce-31db-44ad-b95e-33587473d061.xlsx,1,95,YES,c10d78b850d4670f
cluster_00261,SAME_UNIT_EXACT,Ras Al Khaimah,t 5412 louis kuriakose arakkathazham office 1907 sky,1907,,,,,90fdd2ce-31db-44ad-b95e-33587473d061.xlsx,1,95,YES,6c383b639aa8d149
cluster_00262,SAME_UNIT_EXACT,Ras Al Khaimah,t 5422 rakan mohamad al saadi apartment 4908 sky,4908,,,,,90fdd2ce-31db-44ad-b95e-33587473d061.xlsx,1,95,YES,0023ee4a9bf69b64
cluster_00263,SAME_UNIT_EXACT,Ras Al Khaimah,t 5432 hoda taysir barakat apartment 6101 sky,6101,,,,,90fdd2ce-31db-44ad-b95e-33587473d061.xlsx,1,95,YES,84d09058cb16e7cd
cluster_00264,SAME_UNIT_EXACT,Abu Dhabi,t 5433 commercial bank adcb apartment 6116 sky,6116,,,,,90fdd2ce-31db-44ad-b95e-33587473d061.xlsx,1,95,YES,d8500efe5218628b
cluster_00265,SAME_UNIT_EXACT,Abu Dhabi,t 5494 education council adec apartment 5107 sky,5107,,,,,90fdd2ce-31db-44ad-b95e-33587473d061.xlsx,1,95,YES,10d0c4bacf9d0492
cluster_00266,SAME_UNIT_EXACT,Ras Al Khaimah,t 5539 meqdad yousif al shaikh al mubarak apartment 4814 sky,4814,,,,,90fdd2ce-31db-44ad-b95e-33587473d061.xlsx,1,95,YES,9e6b295458970b28
cluster_00267,SAME_UNIT_EXACT,Abu Dhabi,t 5545 sewerage services company office 1406 sky,1406,,,,,90fdd2ce-31db-44ad-b95e-33587473d061.xlsx,1,95,YES,d58e528efe26de6b
cluster_00268,SAME_UNIT_EXACT,Ras Al Khaimah,t 5646 khaled mubarak abdulla mubarak al kendi apartment 5311 sky,5311,,,,,90fdd2ce-31db-44ad-b95e-33587473d061.xlsx,1,95,YES,9490ca53d6e4be1f
cluster_00269,SAME_UNIT_EXACT,Ras Al Khaimah,t 5686 rakesh kumar agarwal apartment 6514 sky,6514,,,,,90fdd2ce-31db-44ad-b95e-33587473d061.xlsx,1,95,YES,a8599f14020d26ab
cluster_00270,SAME_UNIT_EXACT,Abu Dhabi,office 2206 sky,2206,,,,,90fdd2ce-31db-44ad-b95e-33587473d061.xlsx,1,95,YES,3330074b8f9a1a8d
cluster_00271,SAME_UNIT_EXACT,Abu Dhabi,t 5790 national property company office 211 sky,211,,,,,90fdd2ce-31db-44ad-b95e-33587473d061.xlsx,1,95,NO,
cluster_00272,SAME_UNIT_EXACT,Abu Dhabi,ms 2 1406 tala,MS21406,,,,,9987ccf5-828d-4113-8e39-a8f85b2c4adc.xlsx,1,95,YES,d096ace43be1c6fe
cluster_00273,SAME_UNIT_EXACT,Abu Dhabi,ms 2 4005 tala,MS24005,,,,,9987ccf5-828d-4113-8e39-a8f85b2c4adc.xlsx,1,95,YES,7f7f9bb601bfa3ac
cluster_00274,SAME_UNIT_EXACT,Abu Dhabi,ms 2 1703 tala,MS21703,,,,,9987ccf5-828d-4113-8e39-a8f85b2c4adc.xlsx,1,95,YES,922062f311aa942a
cluster_00275,SAME_UNIT_EXACT,Abu Dhabi,ms 2 4303 tala,MS24303,,,,,9987ccf5-828d-4113-8e39-a8f85b2c4adc.xlsx,1,95,YES,57bf7e9c5091a2a8
cluster_00276,SAME_UNIT_EXACT,Abu Dhabi,ms 2 1302 tala,MS21302,,,,,9987ccf5-828d-4113-8e39-a8f85b2c4adc.xlsx,1,95,YES,941c93e74c0e1506
cluster_00277,SAME_UNIT_EXACT,Abu Dhabi,ms 2 2902 tala,MS22902,,,,,9987ccf5-828d-4113-8e39-a8f85b2c4adc.xlsx,1,95,YES,f0a0f79dd878a109
cluster_00278,SAME_UNIT_EXACT,Abu Dhabi,4205 ms 2 4205 tala,MS24205,,,,,9987ccf5-828d-4113-8e39-a8f85b2c4adc.xlsx,1,95,YES,398201a1ba96f797
cluster_00279,SAME_UNIT_EXACT,Abu Dhabi,ms 2 1809 tala,MS21809,,,,,9987ccf5-828d-4113-8e39-a8f85b2c4adc.xlsx,1,95,YES,0504414613f0b147
cluster_00280,SAME_UNIT_EXACT,Abu Dhabi,ms 2 2308 tala,MS22308,,,,,9987ccf5-828d-4113-8e39-a8f85b2c4adc.xlsx,1,95,YES,40532f782c261b2c
cluster_00281,SAME_UNIT_EXACT,Abu Dhabi,3301 ms 2 4303 tala,MS24303,,,,,9987ccf5-828d-4113-8e39-a8f85b2c4adc.xlsx,1,95,YES,98ec6b2cac555d06
cluster_00282,SAME_UNIT_EXACT,Abu Dhabi,ms 2 2406 tala,MS22406,,,,,9987ccf5-828d-4113-8e39-a8f85b2c4adc.xlsx,1,95,YES,532255ab0605efff
cluster_00283,SAME_UNIT_EXACT,Abu Dhabi,ms 2 3807 tala,MS23807,,,,,9987ccf5-828d-4113-8e39-a8f85b2c4adc.xlsx,1,95,YES,da6321d6b066fb1c
cluster_00284,SAME_UNIT_EXACT,Abu Dhabi,ms 2 2301 tala,MS22301,,,,,9987ccf5-828d-4113-8e39-a8f85b2c4adc.xlsx,1,95,YES,b050d366b2ab4da7
cluster_00285,SAME_UNIT_EXACT,Abu Dhabi,ms 2 4502 tala,MS24502,,,,,9987ccf5-828d-4113-8e39-a8f85b2c4adc.xlsx,1,95,YES,68378d0f284cc123
cluster_00286,SAME_UNIT_EXACT,Abu Dhabi,1907 ms 2 1907 tala,MS21907,,,,,9987ccf5-828d-4113-8e39-a8f85b2c4adc.xlsx,1,95,YES,a62af22473d92315
cluster_00287,SAME_UNIT_EXACT,Abu Dhabi,ms 2 3908 tala,MS23908,,,,,9987ccf5-828d-4113-8e39-a8f85b2c4adc.xlsx,1,95,YES,6dc5d189e8217673
cluster_00288,SAME_UNIT_EXACT,Abu Dhabi,ms 2 2205 tala,MS22205,,,,,9987ccf5-828d-4113-8e39-a8f85b2c4adc.xlsx,1,95,YES,97947a8b62a3db79
cluster_00289,SAME_UNIT_EXACT,Abu Dhabi,ms 2 3206 tala,MS23206,,,,,9987ccf5-828d-4113-8e39-a8f85b2c4adc.xlsx,1,95,YES,3b4a5c8868fd09d8
cluster_00290,SAME_UNIT_EXACT,Abu Dhabi,ms 2 2508 tala,MS22508,,,,,9987ccf5-828d-4113-8e39-a8f85b2c4adc.xlsx,1,95,YES,cda5f538dbb3ee17
cluster_00291,SAME_UNIT_EXACT,Abu Dhabi,ms 2 2307 tala,MS22307,,,,,9987ccf5-828d-4113-8e39-a8f85b2c4adc.xlsx,1,95,YES,1c02cf02a2efe673
cluster_00292,SAME_UNIT_EXACT,Abu Dhabi,ms 2 3808 tala,MS23808,,,,,9987ccf5-828d-4113-8e39-a8f85b2c4adc.xlsx,1,95,YES,2dfd64ed1f1dd6c7
cluster_00293,SAME_UNIT_EXACT,Abu Dhabi,ms 2 1704 tala,MS21704,,,,,9987ccf5-828d-4113-8e39-a8f85b2c4adc.xlsx,1,95,YES,b135139608d98a66
cluster_00294,SAME_UNIT_EXACT,Abu Dhabi,ms 2 3609 tala,MS23609,,,,,9987ccf5-828d-4113-8e39-a8f85b2c4adc.xlsx,1,95,YES,6882e197863846e1
cluster_00295,SAME_UNIT_EXACT,Abu Dhabi,ms 2 3805 tala,MS23805,,,,,9987ccf5-828d-4113-8e39-a8f85b2c4adc.xlsx,1,95,YES,c117b5fdef367852
cluster_00296,SAME_UNIT_EXACT,Abu Dhabi,ms 2 4107 tala,MS24107,,,,,9987ccf5-828d-4113-8e39-a8f85b2c4adc.xlsx,1,95,YES,40febb46457cac21
cluster_00297,SAME_UNIT_EXACT,Abu Dhabi,4007 ms 2 4007 tala,MS24007,,,,,9987ccf5-828d-4113-8e39-a8f85b2c4adc.xlsx,1,95,YES,cd013aabd5987d84
cluster_00298,SAME_UNIT_EXACT,Abu Dhabi,ms 2 1707 tala,MS21707,,,,,9987ccf5-828d-4113-8e39-a8f85b2c4adc.xlsx,1,95,YES,16af8c1581ab2a68
cluster_00299,SAME_UNIT_EXACT,Abu Dhabi,ms 2 1502 tala,MS21502,,,,,9987ccf5-828d-4113-8e39-a8f85b2c4adc.xlsx,1,95,YES,5df9518caba6a9ca
cluster_00300,SAME_UNIT_EXACT,Abu Dhabi,ms 2 2209 tala,MS22209,,,,,9987ccf5-828d-4113-8e39-a8f85b2c4adc.xlsx,1,95,YES,0770817056027525
cluster_00301,SAME_UNIT_EXACT,Abu Dhabi,ms 2 1305 tala,MS21305,,,,,9987ccf5-828d-4113-8e39-a8f85b2c4adc.xlsx,1,95,YES,8bc2e7d7bc415a06
cluster_00302,SAME_UNIT_EXACT,Abu Dhabi,ms 2 4602 tala,MS24602,,,,,9987ccf5-828d-4113-8e39-a8f85b2c4adc.xlsx,1,95,YES,5975b9b31da57f26
cluster_00303,SAME_UNIT_EXACT,Abu Dhabi,ms 2 1207 tala,MS21207,,,,,9987ccf5-828d-4113-8e39-a8f85b2c4adc.xlsx,1,95,YES,e513e43d4d26c012
cluster_00304,SAME_UNIT_EXACT,Abu Dhabi,ms 2 3302 tala,MS23302,,,,,9987ccf5-828d-4113-8e39-a8f85b2c4adc.xlsx,1,95,YES,6e584eb910365560
cluster_00305,SAME_UNIT_EXACT,Abu Dhabi,ms 2 2203 tala,MS22203,,,,,9987ccf5-828d-4113-8e39-a8f85b2c4adc.xlsx,1,95,YES,1b875b77caf8293d
cluster_00306,SAME_UNIT_EXACT,Abu Dhabi,ms 2 3809 tala,MS23809,,,,,9987ccf5-828d-4113-8e39-a8f85b2c4adc.xlsx,2,95,YES,04de25004c4ca8bb|ca1e9ef4d887b7cb
cluster_00307,SAME_UNIT_EXACT,Abu Dhabi,51605 ms 2 1601 tala,MS21601,,,,,9987ccf5-828d-4113-8e39-a8f85b2c4adc.xlsx,1,95,YES,a850b65919b2acc7
cluster_00308,SAME_UNIT_EXACT,Abu Dhabi,ms 2 3707 tala,MS23707,,,,,9987ccf5-828d-4113-8e39-a8f85b2c4adc.xlsx,1,95,YES,bf17e089138998de
cluster_00309,SAME_UNIT_EXACT,Abu Dhabi,ms 2 3801 tala,MS23801,,,,,9987ccf5-828d-4113-8e39-a8f85b2c4adc.xlsx,1,95,YES,9ec2379ba79f4297
cluster_00310,SAME_UNIT_EXACT,Abu Dhabi,1403 ms 2 1403 tala,MS21403,,,,,9987ccf5-828d-4113-8e39-a8f85b2c4adc.xlsx,1,95,YES,9b13734889f89ed1
cluster_00311,SAME_UNIT_EXACT,Abu Dhabi,ms 2 1603 tala,MS21603,,,,,9987ccf5-828d-4113-8e39-a8f85b2c4adc.xlsx,1,95,YES,56954faa25aceb8e
cluster_00312,SAME_UNIT_EXACT,Abu Dhabi,4402 ms 2 4402 tala,MS24402,,,,,9987ccf5-828d-4113-8e39-a8f85b2c4adc.xlsx,1,95,YES,af52305fec22452c
cluster_00313,SAME_UNIT_EXACT,Abu Dhabi,1407 ms 2 1407 tala,MS21407,,,,,9987ccf5-828d-4113-8e39-a8f85b2c4adc.xlsx,1,95,YES,207adfdb8ba9437f
cluster_00314,SAME_UNIT_EXACT,Abu Dhabi,ms 2 4106 tala,MS24106,,,,,9987ccf5-828d-4113-8e39-a8f85b2c4adc.xlsx,1,95,YES,619a24a99750a6d8
cluster_00315,SAME_UNIT_EXACT,Abu Dhabi,ms 2 2809 tala,MS22809,,,,,9987ccf5-828d-4113-8e39-a8f85b2c4adc.xlsx,1,95,YES,2f4abe5bf5161fb5
cluster_00316,SAME_UNIT_EXACT,Abu Dhabi,ms 2 1405 tala,MS21405,,,,,9987ccf5-828d-4113-8e39-a8f85b2c4adc.xlsx,1,95,YES,70faf3e2d61c94a0
cluster_00317,SAME_UNIT_EXACT,Abu Dhabi,ms 2 2108 tala,MS22108,,,,,9987ccf5-828d-4113-8e39-a8f85b2c4adc.xlsx,1,95,YES,a289c9341f75f5e4
cluster_00318,SAME_UNIT_EXACT,Abu Dhabi,ms 2 4306 tala,MS24306,,,,,9987ccf5-828d-4113-8e39-a8f85b2c4adc.xlsx,1,95,YES,00d67b4cf8e3bfe9
cluster_00319,SAME_UNIT_EXACT,Abu Dhabi,ms 2 3604 tala,MS23604,,,,,9987ccf5-828d-4113-8e39-a8f85b2c4adc.xlsx,1,95,YES,fdd792c3cf43a022
cluster_00320,SAME_UNIT_EXACT,Abu Dhabi,ms 2 4807 tala,MS24807,,,,,9987ccf5-828d-4113-8e39-a8f85b2c4adc.xlsx,1,95,YES,8e4304481b30a909
cluster_00321,SAME_UNIT_EXACT,Abu Dhabi,ms 2 2803 tala,MS22803,,,,,9987ccf5-828d-4113-8e39-a8f85b2c4adc.xlsx,1,95,YES,46dff0ddac2a05b2
cluster_00322,SAME_UNIT_EXACT,Ras Al Khaimah,8746 mehboob mubarak lalani ms 2 3904 tala,MS23904,,,,,9987ccf5-828d-4113-8e39-a8f85b2c4adc.xlsx,1,95,YES,3a70a4d9c1bd6ddf
cluster_00323,SAME_UNIT_EXACT,Abu Dhabi,ms 2 3208 tala,MS23208,,,,,9987ccf5-828d-4113-8e39-a8f85b2c4adc.xlsx,1,95,YES,9a4457386ecf84b2
cluster_00324,SAME_UNIT_EXACT,Abu Dhabi,ms 2 4407 tala,MS24407,,,,,9987ccf5-828d-4113-8e39-a8f85b2c4adc.xlsx,1,95,YES,4568791658ddcef7
cluster_00325,SAME_UNIT_EXACT,Abu Dhabi,ms 2 1509 tala,MS21509,,,,,9987ccf5-828d-4113-8e39-a8f85b2c4adc.xlsx,1,95,YES,3fb577ab0fc392ee
cluster_00326,SAME_UNIT_EXACT,Abu Dhabi,ms 2 1602 tala,MS21602,,,,,9987ccf5-828d-4113-8e39-a8f85b2c4adc.xlsx,1,95,YES,7066b6117df42cb4
cluster_00327,SAME_UNIT_EXACT,Abu Dhabi,ms 2 4809 tala,MS24809,,,,,9987ccf5-828d-4113-8e39-a8f85b2c4adc.xlsx,1,95,YES,b40f8801869aa9a8
cluster_00328,SAME_UNIT_EXACT,Abu Dhabi,ms 2 2805 tala,MS22805,,,,,9987ccf5-828d-4113-8e39-a8f85b2c4adc.xlsx,1,95,YES,f494418e5500f386
cluster_00329,SAME_UNIT_EXACT,Abu Dhabi,ms 2 4501 tala,MS24501,,,,,9987ccf5-828d-4113-8e39-a8f85b2c4adc.xlsx,1,95,YES,a530e905411285ac
cluster_00330,SAME_UNIT_EXACT,Abu Dhabi,ms 2 2206 tala,MS22206,,,,,9987ccf5-828d-4113-8e39-a8f85b2c4adc.xlsx,1,95,YES,5d01771f76af8a62
cluster_00331,SAME_UNIT_EXACT,Abu Dhabi,ms 2 4109 tala,MS24109,,,,,9987ccf5-828d-4113-8e39-a8f85b2c4adc.xlsx,1,95,YES,1a42cb98cb3dadd4
cluster_00332,SAME_UNIT_EXACT,Abu Dhabi,ms 2 1702 tala,MS21702,,,,,9987ccf5-828d-4113-8e39-a8f85b2c4adc.xlsx,1,95,YES,c5d6aa200c13e5ea
cluster_00333,SAME_UNIT_EXACT,Abu Dhabi,ms 2 1206 tala,MS21206,,,,,9987ccf5-828d-4113-8e39-a8f85b2c4adc.xlsx,1,95,YES,8d56c6aca7c07d74
cluster_00334,SAME_UNIT_EXACT,Abu Dhabi,ms 2 2009 tala,MS22009,,,,,9987ccf5-828d-4113-8e39-a8f85b2c4adc.xlsx,1,95,YES,731538c18390f9c0
cluster_00335,SAME_UNIT_EXACT,Abu Dhabi,ms 2 3009 tala,MS23009,,,,,9987ccf5-828d-4113-8e39-a8f85b2c4adc.xlsx,1,95,YES,27a39bfdc4747951
cluster_00336,SAME_UNIT_EXACT,Abu Dhabi,ms 2 2402 tala,MS22402,,,,,9987ccf5-828d-4113-8e39-a8f85b2c4adc.xlsx,1,95,YES,ceb9aff986b7e75c
cluster_00337,SAME_UNIT_EXACT,Abu Dhabi,ms 2 2201 tala,MS22201,,,,,9987ccf5-828d-4113-8e39-a8f85b2c4adc.xlsx,1,95,YES,f5151ce4bf3e9753
cluster_00338,SAME_UNIT_EXACT,Abu Dhabi,ms 2 2704 tala,MS22704,,,,,9987ccf5-828d-4113-8e39-a8f85b2c4adc.xlsx,1,95,YES,30012c94d62e6195
cluster_00339,SAME_UNIT_EXACT,Abu Dhabi,3007 ms 2 3007 tala,MS23007,,,,,9987ccf5-828d-4113-8e39-a8f85b2c4adc.xlsx,1,95,YES,445886655d7048e1
cluster_00340,SAME_UNIT_EXACT,Abu Dhabi,ms 2 4008 tala,MS24008,,,,,9987ccf5-828d-4113-8e39-a8f85b2c4adc.xlsx,1,95,YES,f66477878cdf5816
cluster_00341,SAME_UNIT_EXACT,Abu Dhabi,ms 2 2608 tala,MS22608,,,,,9987ccf5-828d-4113-8e39-a8f85b2c4adc.xlsx,1,95,YES,0bbc8c2e19aa1055
cluster_00342,SAME_UNIT_EXACT,Abu Dhabi,ms 2 3702 tala,MS23702,,,,,9987ccf5-828d-4113-8e39-a8f85b2c4adc.xlsx,1,95,YES,dae0261190176041
cluster_00343,SAME_UNIT_EXACT,Abu Dhabi,ms 2 2202 tala,MS22202,,,,,9987ccf5-828d-4113-8e39-a8f85b2c4adc.xlsx,1,95,YES,65b913be7b7b8ea6
cluster_00344,SAME_UNIT_EXACT,Abu Dhabi,ms 2 3406 tala,MS23406,,,,,9987ccf5-828d-4113-8e39-a8f85b2c4adc.xlsx,1,95,YES,432a587378ab95ca
cluster_00345,SAME_UNIT_EXACT,Abu Dhabi,ms 2 4004 tala,MS24004,,,,,9987ccf5-828d-4113-8e39-a8f85b2c4adc.xlsx,1,95,YES,c10c558bf4d6c3e9
cluster_00346,SAME_UNIT_EXACT,Abu Dhabi,ms 2 1204 tala,MS21204,,,,,9987ccf5-828d-4113-8e39-a8f85b2c4adc.xlsx,1,95,YES,813bec84f5e972de
cluster_00347,SAME_UNIT_EXACT,Ras Al Khaimah,8793 ahmed mahmoud gaber barakat ms 2 3803 tala,MS23803,,,,,9987ccf5-828d-4113-8e39-a8f85b2c4adc.xlsx,1,95,YES,dab483eadb8e850c
cluster_00348,SAME_UNIT_EXACT,Abu Dhabi,ms 2 3509 tala,MS23509,,,,,9987ccf5-828d-4113-8e39-a8f85b2c4adc.xlsx,1,95,YES,1d95417ae8e16891
cluster_00349,SAME_UNIT_EXACT,Abu Dhabi,4501 ms 2 4501 tala,MS24501,,,,,9987ccf5-828d-4113-8e39-a8f85b2c4adc.xlsx,1,95,YES,4b5b9ba099266fcc
cluster_00350,SAME_UNIT_EXACT,Abu Dhabi,ms 2 2709 tala,MS22709,,,,,9987ccf5-828d-4113-8e39-a8f85b2c4adc.xlsx,1,95,YES,8ea29bdcc4f395e5
cluster_00351,SAME_UNIT_EXACT,Abu Dhabi,ms 2 3104 tala,MS23104,,,,,9987ccf5-828d-4113-8e39-a8f85b2c4adc.xlsx,1,95,YES,82c746e0fd7cddba
cluster_00352,SAME_UNIT_EXACT,Abu Dhabi,ms 2 2804 tala,MS22804,,,,,9987ccf5-828d-4113-8e39-a8f85b2c4adc.xlsx,1,95,YES,e40ffa0453f4c889
cluster_00353,SAME_UNIT_EXACT,Abu Dhabi,3004 ms 2 3004 tala,MS23004,,,,,9987ccf5-828d-4113-8e39-a8f85b2c4adc.xlsx,1,95,YES,2da3f626016a6552
cluster_00354,SAME_UNIT_EXACT,Abu Dhabi,ms 2 4009 tala,MS24009,,,,,9987ccf5-828d-4113-8e39-a8f85b2c4adc.xlsx,1,95,YES,d2727941f0f8298c
cluster_00355,SAME_UNIT_EXACT,Abu Dhabi,ms 2 3003 tala,MS23003,,,,,9987ccf5-828d-4113-8e39-a8f85b2c4adc.xlsx,1,95,YES,76647ae9f2eb3ff0
cluster_00356,SAME_UNIT_EXACT,Abu Dhabi,ms 2 2901 tala,MS22901,,,,,9987ccf5-828d-4113-8e39-a8f85b2c4adc.xlsx,2,95,YES,666ebd82efa1fc50|f7713a5e65f1f5f9
cluster_00357,SAME_UNIT_EXACT,Abu Dhabi,1208 ms 2 2803 tala,MS22803,,,,,9987ccf5-828d-4113-8e39-a8f85b2c4adc.xlsx,1,95,YES,2f22171234a0e614
cluster_00358,SAME_UNIT_EXACT,Abu Dhabi,2606 ms 2 2606 tala,MS22606,,,,,9987ccf5-828d-4113-8e39-a8f85b2c4adc.xlsx,1,95,YES,4518d240f62813f3
cluster_00359,SAME_UNIT_EXACT,Abu Dhabi,ms 2 3706 tala,MS23706,,,,,9987ccf5-828d-4113-8e39-a8f85b2c4adc.xlsx,1,95,YES,f8177ddd18bcc740
cluster_00360,SAME_UNIT_EXACT,Abu Dhabi,ms 2 4505 tala,MS24505,,,,,9987ccf5-828d-4113-8e39-a8f85b2c4adc.xlsx,1,95,YES,eedd18aabcaab55a
cluster_00361,SAME_UNIT_EXACT,Abu Dhabi,ms 2 3409 tala,MS23409,,,,,9987ccf5-828d-4113-8e39-a8f85b2c4adc.xlsx,1,95,YES,4ab4bf52ca3923ae
cluster_00362,SAME_UNIT_EXACT,Abu Dhabi,ms 2 3105 tala,MS23105,,,,,9987ccf5-828d-4113-8e39-a8f85b2c4adc.xlsx,1,95,YES,546a84261bc9354e
cluster_00363,SAME_UNIT_EXACT,Abu Dhabi,ms 2 2601 tala,MS22601,,,,,9987ccf5-828d-4113-8e39-a8f85b2c4adc.xlsx,1,95,YES,8259b5567f530f25
cluster_00364,SAME_UNIT_EXACT,Abu Dhabi,ms 2 4709 tala,MS24709,,,,,9987ccf5-828d-4113-8e39-a8f85b2c4adc.xlsx,1,95,YES,594990ee70ceb530
cluster_00365,SAME_UNIT_EXACT,Abu Dhabi,1302 ms 2 1302 tala,MS21302,,,,,9987ccf5-828d-4113-8e39-a8f85b2c4adc.xlsx,1,95,YES,051af0bcfb4a2c24
cluster_00366,SAME_UNIT_EXACT,Abu Dhabi,ms 2 1301 tala,MS21301,,,,,9987ccf5-828d-4113-8e39-a8f85b2c4adc.xlsx,1,95,YES,1a3a5a3c087e8214
cluster_00367,SAME_UNIT_EXACT,Abu Dhabi,4705 ms 2 4705 tala,MS24705,,,,,9987ccf5-828d-4113-8e39-a8f85b2c4adc.xlsx,1,95,YES,3d9ea45b0a7880ef
cluster_00368,SAME_UNIT_EXACT,Abu Dhabi,ms 2 4203 tala,MS24203,,,,,9987ccf5-828d-4113-8e39-a8f85b2c4adc.xlsx,1,95,YES,8507d978e6423a6b
cluster_00369,SAME_UNIT_EXACT,Abu Dhabi,ms 2 1909 tala,MS21909,,,,,9987ccf5-828d-4113-8e39-a8f85b2c4adc.xlsx,1,95,YES,b4850da65ae24db7
cluster_00370,SAME_UNIT_EXACT,Abu Dhabi,ms 2 2003 tala,MS22003,,,,,9987ccf5-828d-4113-8e39-a8f85b2c4adc.xlsx,1,95,YES,1d555226f94946fb
cluster_00371,SAME_UNIT_EXACT,Abu Dhabi,1606 ms 2 1606 tala,MS21606,,,,,9987ccf5-828d-4113-8e39-a8f85b2c4adc.xlsx,1,95,YES,a9b676189bf2b0df
cluster_00372,SAME_UNIT_EXACT,Abu Dhabi,ms 2 1309 tala,MS21309,,,,,9987ccf5-828d-4113-8e39-a8f85b2c4adc.xlsx,1,95,YES,dbf97976bb3d8d5b
cluster_00373,SAME_UNIT_EXACT,Abu Dhabi,ms 2 2808 tala,MS22808,,,,,9987ccf5-828d-4113-8e39-a8f85b2c4adc.xlsx,1,95,YES,61495600700d140f
cluster_00374,SAME_UNIT_EXACT,Abu Dhabi,2801 ms 2 2801 tala,MS22801,,,,,9987ccf5-828d-4113-8e39-a8f85b2c4adc.xlsx,1,95,YES,929978469bc68546
cluster_00375,SAME_UNIT_EXACT,Abu Dhabi,ms 2 3602 tala,MS23602,,,,,9987ccf5-828d-4113-8e39-a8f85b2c4adc.xlsx,1,95,YES,140295c76d831085
cluster_00376,SAME_UNIT_EXACT,Abu Dhabi,ms 2 4701 tala,MS24701,,,,,9987ccf5-828d-4113-8e39-a8f85b2c4adc.xlsx,1,95,YES,0e981ab572667cc8
cluster_00377,SAME_UNIT_EXACT,Abu Dhabi,ms 2 4605 tala,MS24605,,,,,9987ccf5-828d-4113-8e39-a8f85b2c4adc.xlsx,1,95,YES,754c368c4af0a72d
cluster_00378,SAME_UNIT_EXACT,Abu Dhabi,ms 2 2002 tala,MS22002,,,,,9987ccf5-828d-4113-8e39-a8f85b2c4adc.xlsx,1,95,YES,8dcbcd2751ecce97
cluster_00379,SAME_UNIT_EXACT,Abu Dhabi,3309 ms 2 3309 tala,MS23309,,,,,9987ccf5-828d-4113-8e39-a8f85b2c4adc.xlsx,1,95,YES,e39b6bed008db3f5
cluster_00380,SAME_UNIT_EXACT,Abu Dhabi,ms 2 3806 tala,MS23806,,,,,9987ccf5-828d-4113-8e39-a8f85b2c4adc.xlsx,1,95,YES,2988597c955c5054
cluster_00381,SAME_UNIT_EXACT,Abu Dhabi,ms 2 4806 tala,MS24806,,,,,9987ccf5-828d-4113-8e39-a8f85b2c4adc.xlsx,1,95,YES,23b25306ab5e8e17
cluster_00382,SAME_UNIT_EXACT,Abu Dhabi,3708 ms 2 3708 tala,MS23708,,,,,9987ccf5-828d-4113-8e39-a8f85b2c4adc.xlsx,1,95,YES,9ce194845d01fb79
cluster_00383,SAME_UNIT_EXACT,Abu Dhabi,ms 2 4102 tala,MS24102,,,,,9987ccf5-828d-4113-8e39-a8f85b2c4adc.xlsx,1,95,YES,6db99d1a3e19135a
cluster_00384,SAME_UNIT_EXACT,Abu Dhabi,ms 2 3704 tala,MS23704,,,,,9987ccf5-828d-4113-8e39-a8f85b2c4adc.xlsx,1,95,YES,0ee8346fb25383e9
cluster_00385,SAME_UNIT_EXACT,Abu Dhabi,ms 2 1808 tala,MS21808,,,,,9987ccf5-828d-4113-8e39-a8f85b2c4adc.xlsx,1,95,YES,6e471661e9ba8fad
cluster_00386,SAME_UNIT_EXACT,Abu Dhabi,ms 2 1205 tala,MS21205,,,,,9987ccf5-828d-4113-8e39-a8f85b2c4adc.xlsx,1,95,YES,94d2faa840ee2edd
cluster_00387,SAME_UNIT_EXACT,Abu Dhabi,ms 2 4808 tala,MS24808,,,,,9987ccf5-828d-4113-8e39-a8f85b2c4adc.xlsx,1,95,YES,82ae92f353353f11
cluster_00388,SAME_UNIT_EXACT,Abu Dhabi,ms 2 4702 tala,MS24702,,,,,9987ccf5-828d-4113-8e39-a8f85b2c4adc.xlsx,1,95,YES,28810b8a3a4108cb
cluster_00389,SAME_UNIT_EXACT,Abu Dhabi,ms 2 2305 tala,MS22305,,,,,9987ccf5-828d-4113-8e39-a8f85b2c4adc.xlsx,1,95,YES,25d3e2b4fa668dca
cluster_00390,SAME_UNIT_EXACT,Abu Dhabi,ms 2 3608 tala,MS23608,,,,,9987ccf5-828d-4113-8e39-a8f85b2c4adc.xlsx,1,95,YES,f0e92cb3c3b5a969
cluster_00391,SAME_UNIT_EXACT,Abu Dhabi,ms 2 1706 tala,MS21706,,,,,9987ccf5-828d-4113-8e39-a8f85b2c4adc.xlsx,1,95,YES,be12a285d491fd58
cluster_00392,SAME_UNIT_EXACT,Abu Dhabi,ms 2 2607 tala,MS22607,,,,,9987ccf5-828d-4113-8e39-a8f85b2c4adc.xlsx,1,95,YES,030908d90462b968
cluster_00393,SAME_UNIT_EXACT,Abu Dhabi,ms 2 3001 tala,MS23001,,,,,9987ccf5-828d-4113-8e39-a8f85b2c4adc.xlsx,1,95,YES,2d05373e1061cf05
cluster_00394,SAME_UNIT_EXACT,Abu Dhabi,ms 2 4707 tala,MS24707,,,,,9987ccf5-828d-4113-8e39-a8f85b2c4adc.xlsx,1,95,YES,05187ab3fcc55a4c
cluster_00395,SAME_UNIT_EXACT,Abu Dhabi,ms 2 4608 tala,MS24608,,,,,9987ccf5-828d-4113-8e39-a8f85b2c4adc.xlsx,1,95,YES,4870a38b20c91dfc
cluster_00396,SAME_UNIT_EXACT,Abu Dhabi,ms 2 3402 tala,MS23402,,,,,9987ccf5-828d-4113-8e39-a8f85b2c4adc.xlsx,1,95,YES,bf71784df41897bb
cluster_00397,SAME_UNIT_EXACT,Abu Dhabi,ms 2 4209 tala,MS24209,,,,,9987ccf5-828d-4113-8e39-a8f85b2c4adc.xlsx,2,95,YES,363698b54558767c|a848e3e9361e268b
cluster_00398,SAME_UNIT_EXACT,Abu Dhabi,ms 2 2507 tala,MS22507,,,,,9987ccf5-828d-4113-8e39-a8f85b2c4adc.xlsx,1,95,YES,aa7436945de654cb
cluster_00399,SAME_UNIT_EXACT,Abu Dhabi,1307 ms 2 1307 tala,MS21307,,,,,9987ccf5-828d-4113-8e39-a8f85b2c4adc.xlsx,1,95,YES,11a27a80b5a2d355
cluster_00400,SAME_UNIT_EXACT,Abu Dhabi,ms 2 2204 tala,MS22204,,,,,9987ccf5-828d-4113-8e39-a8f85b2c4adc.xlsx,1,95,YES,9ede8e9faf4473c7
cluster_00401,SAME_UNIT_EXACT,Abu Dhabi,2109 ms 2 2109 tala,MS22109,,,,,9987ccf5-828d-4113-8e39-a8f85b2c4adc.xlsx,1,95,YES,a433b3bfe6042fd8
cluster_00402,SAME_UNIT_EXACT,Abu Dhabi,ms 2 2105 tala,MS22105,,,,,9987ccf5-828d-4113-8e39-a8f85b2c4adc.xlsx,1,95,YES,34946726517c8402
cluster_00403,SAME_UNIT_EXACT,Abu Dhabi,ms 2 4907 tala,MS24907,,,,,9987ccf5-828d-4113-8e39-a8f85b2c4adc.xlsx,1,95,YES,e068f92fb3182a7f
cluster_00404,SAME_UNIT_EXACT,Abu Dhabi,ms 2 2509 tala,MS22509,,,,,9987ccf5-828d-4113-8e39-a8f85b2c4adc.xlsx,1,95,YES,142468455abc4089
cluster_00405,SAME_UNIT_EXACT,Abu Dhabi,4006 ms 2 4006 tala,MS24006,,,,,9987ccf5-828d-4113-8e39-a8f85b2c4adc.xlsx,1,95,YES,765a69594305b7cd
cluster_00406,SAME_UNIT_EXACT,Abu Dhabi,ms 2 1308 tala,MS21308,,,,,9987ccf5-828d-4113-8e39-a8f85b2c4adc.xlsx,1,95,YES,56089ca45c4436d4
cluster_00407,SAME_UNIT_EXACT,Abu Dhabi,1906 ms 2 1906 tala,MS21906,,,,,9987ccf5-828d-4113-8e39-a8f85b2c4adc.xlsx,1,95,YES,9472ccf08452596f
cluster_00408,SAME_UNIT_EXACT,Abu Dhabi,ms 2 3705 tala,MS23705,,,,,9987ccf5-828d-4113-8e39-a8f85b2c4adc.xlsx,1,95,YES,4973049f83748992
cluster_00409,SAME_UNIT_EXACT,Abu Dhabi,ms 2 1203 tala,MS21203,,,,,9987ccf5-828d-4113-8e39-a8f85b2c4adc.xlsx,1,95,YES,164389c755604e96
cluster_00410,SAME_UNIT_EXACT,Abu Dhabi,2308 ms 2 2308 tala,MS22308,,,,,9987ccf5-828d-4113-8e39-a8f85b2c4adc.xlsx,1,95,YES,f4a96c235d07c9e2
cluster_00411,SAME_UNIT_EXACT,Abu Dhabi,1409 ms 2 1409 tala,MS21409,,,,,9987ccf5-828d-4113-8e39-a8f85b2c4adc.xlsx,1,95,YES,cbce068a746dab9b
cluster_00412,SAME_UNIT_EXACT,Abu Dhabi,ms 2 4403 tala,MS24403,,,,,9987ccf5-828d-4113-8e39-a8f85b2c4adc.xlsx,1,95,YES,bd9fef84f28cee87
cluster_00413,SAME_UNIT_EXACT,Abu Dhabi,ms 2 1505 tala,MS21505,,,,,9987ccf5-828d-4113-8e39-a8f85b2c4adc.xlsx,1,95,YES,795ebfaca13a4e79
cluster_00414,SAME_UNIT_EXACT,Abu Dhabi,ms 2 2602 tala,MS22602,,,,,9987ccf5-828d-4113-8e39-a8f85b2c4adc.xlsx,1,95,YES,e19f94fdf658912e
cluster_00415,SAME_UNIT_EXACT,Abu Dhabi,4302 ms 2 4302 tala,MS24302,,,,,9987ccf5-828d-4113-8e39-a8f85b2c4adc.xlsx,1,95,YES,f0a1405ee5cf135d
cluster_00416,SAME_UNIT_EXACT,Ras Al Khaimah,9111 meqdad yousif al shaikh al mubarak old1905door1904 tala,OLD1905DOOR1904,,,,,9987ccf5-828d-4113-8e39-a8f85b2c4adc.xlsx,1,95,NO,
cluster_00417,SAME_UNIT_EXACT,Abu Dhabi,9207 commercial bank adcb old4104door4103 tala,OLD4104DOOR4103,,,,,9987ccf5-828d-4113-8e39-a8f85b2c4adc.xlsx,1,95,NO,
cluster_00418,SAME_UNIT_EXACT,Abu Dhabi,tala,10101009,,,,,9987ccf5-828d-4113-8e39-a8f85b2c4adc.xlsx,1,95,NO,
cluster_00419,BUILDING_ONLY,Business Bay,damac maison prive,,,,,propertyfinder.ae,WhatsApp ChatStorage.sqlite,2,40,NO,
cluster_00420,BUILDING_ONLY,MBR City,sheikh,,,,,propertyfinder.ae,WhatsApp ChatStorage.sqlite,1,40,NO,
cluster_00421,BUILDING_ONLY,Arjan,samana park views samana park views,,,,,propertyfinder.ae,WhatsApp ChatStorage.sqlite,2,40,NO,
cluster_00422,BUILDING_ONLY,Arjan,avelon boulevard avelon boulevard,,,,,propertyfinder.ae,WhatsApp ChatStorage.sqlite,1,40,NO,
cluster_00423,BUILDING_ONLY,Business Bay,tiger sky tower tiger sky,,,,,propertyfinder.ae,WhatsApp ChatStorage.sqlite,1,40,NO,
cluster_00424,BUILDING_ONLY,Meydan,riviera azizi riviera,,,,,propertyfinder.ae,WhatsApp ChatStorage.sqlite,6,40,NO,
cluster_00425,BUILDING_ONLY,JVC,district 12 nakheel townhouses,,,,,propertyfinder.ae,WhatsApp ChatStorage.sqlite,2,40,NO,
cluster_00426,BUILDING_ONLY,Downtown,imperial avenue imperial avenue,,,,,propertyfinder.ae,WhatsApp ChatStorage.sqlite,1,40,NO,
cluster_00427,BUILDING_ONLY,Palm Jumeirah,xxii carat xxii carat,,,,,propertyfinder.ae,WhatsApp ChatStorage.sqlite,1,40,NO,
cluster_00428,BUILDING_ONLY,Dubai Islands,pearl ocean pearl,,,,,propertyfinder.ae,WhatsApp ChatStorage.sqlite,1,40,NO,
cluster_00429,BUILDING_ONLY,Business Bay,canal bay canal,,,,,propertyfinder.ae,WhatsApp ChatStorage.sqlite,3,40,NO,
cluster_00430,BUILDING_ONLY,JVC,district 13 reef,,,,,propertyfinder.ae,WhatsApp ChatStorage.sqlite,1,40,NO,
cluster_00431,BUILDING_ONLY,JVC,bloom towers c,,,,,propertyfinder.ae,WhatsApp ChatStorage.sqlite,1,40,NO,
cluster_00432,BUILDING_ONLY,Creek Harbour,views harbour views,,,,,propertyfinder.ae,WhatsApp ChatStorage.sqlite,1,40,NO,
cluster_00433,BUILDING_ONLY,Arjan,sunrise legend sunrise legend,,,,,propertyfinder.ae,WhatsApp ChatStorage.sqlite,1,40,NO,
cluster_00434,BUILDING_ONLY,Dubai Hills,maple at,,,,,propertyfinder.ae,WhatsApp ChatStorage.sqlite,1,40,NO,
cluster_00435,BUILDING_ONLY,Reem Island,shams,,,,,propertyfinder.ae,WhatsApp ChatStorage.sqlite,1,40,NO,
cluster_00436,BUILDING_ONLY,JVC,seasons community autumn,,,,,propertyfinder.ae,WhatsApp ChatStorage.sqlite,2,40,NO,
cluster_00437,BUILDING_ONLY,Reem Island,of lights horizon tower b,,,,,propertyfinder.ae,WhatsApp ChatStorage.sqlite,1,40,NO,
cluster_00438,BUILDING_ONLY,Arjan,building land al barsha,,,,,propertyfinder.ae,WhatsApp ChatStorage.sqlite,1,40,NO,
cluster_00439,BUILDING_ONLY,Al Furjan,land furjan commercial land,,,,,propertyfinder.ae,WhatsApp ChatStorage.sqlite,1,40,NO,
cluster_00440,BUILDING_ONLY,Palm Jumeirah,jebel ali frond l,,,,,propertyfinder.ae,WhatsApp ChatStorage.sqlite,1,40,NO,
cluster_00441,BUILDING_ONLY,Palm Jumeirah,jebel ali frond n,,,,,propertyfinder.ae,WhatsApp ChatStorage.sqlite,1,40,NO,
cluster_00442,BUILDING_ONLY,Palm Jumeirah,jebel ali frond,,,,,propertyfinder.ae,WhatsApp ChatStorage.sqlite,1,40,NO,
cluster_00443,BUILDING_ONLY,Palm Jumeirah,jebel ali frond c,,,,,propertyfinder.ae,WhatsApp ChatStorage.sqlite,1,40,NO,
cluster_00444,BUILDING_ONLY,Palm Jumeirah,ali palm jebel ali,,,,,propertyfinder.ae,WhatsApp ChatStorage.sqlite,1,40,NO,
cluster_00445,BUILDING_ONLY,Palm Jumeirah,jebel ali frond b,,,,,propertyfinder.ae,WhatsApp ChatStorage.sqlite,1,40,NO,
cluster_00446,BUILDING_ONLY,Meydan,one azizi riviera,,,,,propertyfinder.ae,WhatsApp ChatStorage.sqlite,1,40,NO,
cluster_00447,BUILDING_ONLY,Dubai Marina,tower marina aeternitas tower aeternitas,,,,,propertyfinder.ae,WhatsApp ChatStorage.sqlite,1,40,NO,
cluster_00448,BUILDING_ONLY,MBR City,wilton park residences,,,,,propertyfinder.ae,WhatsApp ChatStorage.sqlite,1,40,NO,
cluster_00449,BUILDING_ONLY,JVC,views diamond views,,,,,propertyfinder.ae,WhatsApp ChatStorage.sqlite,1,40,NO,
cluster_00450,BUILDING_ONLY,JVT,park green park,,,,,propertyfinder.ae,WhatsApp ChatStorage.sqlite,1,40,NO,
cluster_00451,BUILDING_ONLY,Business Bay,hotel residences paramount tower hotel residences,,,,,propertyfinder.ae,WhatsApp ChatStorage.sqlite,2,40,NO,
cluster_00452,BUILDING_ONLY,Dubai Hills,house ellington house,,,,,propertyfinder.ae,WhatsApp ChatStorage.sqlite,1,40,NO,
cluster_00453,BUILDING_ONLY,Dubai Hills,grove estate golf grove,,,,,propertyfinder.ae,WhatsApp ChatStorage.sqlite,1,40,NO,
cluster_00454,BUILDING_ONLY,JVC,space binghatti,,,,,propertyfinder.ae,WhatsApp ChatStorage.sqlite,1,40,NO,
cluster_00455,BUILDING_ONLY,MBR City,elie saab vie townhouses,,,,,propertyfinder.ae,WhatsApp ChatStorage.sqlite,2,40,NO,
cluster_00456,BUILDING_ONLY,Downtown,hotel address,,,,,propertyfinder.ae,WhatsApp ChatStorage.sqlite,7,40,NO,
cluster_00457,BUILDING_ONLY,Town Square,naseem townhouses naseem townhouses,,,,,propertyfinder.ae,WhatsApp ChatStorage.sqlite,2,40,NO,
cluster_00458,BUILDING_ONLY,Dubai Islands,villas islands bay villas bay villas,,,,,propertyfinder.ae,WhatsApp ChatStorage.sqlite,1,40,NO,
cluster_00459,BUILDING_ONLY,Dubai Hills,am looking 1 bedroom up to 95k not furnished,,1,,95000-95000,,raw_chat_style_dataset,1,40,NO,
cluster_00460,BUILDING_ONLY,Abu Dhabi,2026 all these every type database available jan 2026 buildings updated database fresh january 2026 updated dubai database fresh china leads data latest 2 million leads january,,,,2000000-2000000,,raw_chat_style_dataset,1,40,NO,
cluster_00461,BUILDING_ONLY,JVC,hello please one bedroom jvc 80k yearly,,,,80000-80000,,raw_chat_style_dataset,9,40,NO,
cluster_00462,BUILDING_ONLY,JVC,autumn 2 block season community jvc district,,1,74.04-74.04,785000-785000,,raw_chat_style_dataset,1,40,NO,
cluster_00463,BUILDING_ONLY,Dubai Marina,central west studio,,,41.43-41.43,1470000-1470000,,raw_chat_style_dataset,1,40,NO,
cluster_00464,BUILDING_ONLY,Al Furjan,asking price 17 m,,7,706.06-706.06,17000000-17000000,,raw_chat_style_dataset,1,40,NO,
cluster_00465,BUILDING_ONLY,JVC,binghati orchid jvc district,,2,109.16-109.16,1650000-1650000,,raw_chat_style_dataset,1,40,NO,
cluster_00466,BUILDING_ONLY,JVC,binghati royale jvc district,,1,86.21-86.21,1400000-1400000,,raw_chat_style_dataset,1,40,NO,
cluster_00467,BUILDING_ONLY,JVC,binghatti apex jvc 1br 2bath 843 89 sq ft aed 1 25m view water ain dubai five hotel,,1,,1250000-1250000,,raw_chat_style_dataset,1,40,NO,
cluster_00468,BUILDING_ONLY,JVC,binghatti gardenia,,2,103.40-103.40,150000-150000,,raw_chat_style_dataset,1,40,NO,
cluster_00469,BUILDING_ONLY,JLT,armada,,3,,2300000-2300000,,raw_chat_style_dataset,1,40,NO,
cluster_00470,BUILDING_ONLY,Dubai Marina,ocean heights,,2,148.64-148.64,3000000-3000000,,raw_chat_style_dataset,1,40,NO,
cluster_00471,BUILDING_ONLY,Arjan,miraclz tower by danube,,2,110.74-110.74,1460000-1460000,,raw_chat_style_dataset,1,40,NO,
cluster_00472,BUILDING_ONLY,Arjan,miraclz,,1,70.51-70.51,1100000-1100000,,raw_chat_style_dataset,1,40,NO,
